CAZyme,Activity
GH130," β-1,4-mannosylglucose phosphorylase (EC 2.4.1.281); β-1,4-mannooligosaccharide phosphorylase (EC 2.4.1.319); β-1,4-mannosyl-N-acetyl-glucosamine phosphorylase (EC 2.4.1.320); β-1,2-mannobiose phosphorylase (EC 2.4.1.-); β-1,2-oligomannan phosphorylase (EC 2.4.1.-); β-1,2-mannosidase (EC 3.2.1.-)"
CBM22," A xylan binding function has been demonstrated in several cases and affinity with mixed β-1,3/β-1,4-glucans in one. In several cases a thermostabilizing effect has also been seen."
CBM4," Modules of approx. 150 residues found in bacterial enzymes. Binding of these modules has been demonstrated with xylan, β-1,3-glucan, β-1,3-1,4-glucan, β-1,6-glucan and amorphous cellulose but not with crystalline cellulose."
GH9," endoglucanase (EC 3.2.1.4); endo-β-1,3(4)-glucanase / lichenase-laminarinase (EC 3.2.1.6);  β-glucosidase (EC 3.2.1.21); lichenase / endo-β-1,3-1,4-glucanase (EC 3.2.1.73); exo-β-1,4-glucanase / cellodextrinase (EC 3.2.1.74); cellobiohydrolase (EC 3.2.1.91); xyloglucan-specific endo-β-1,4-glucanase / endo-xyloglucanase (EC 3.2.1.151); exo-β-glucosaminidase (EC 3.2.1.165); endo-β-1,4-glucanase (xanthanase) (EC 3.2.1.-)"
CBM57, Created from reading Schallus et al (2008) Mol Biol Cell. 19:3404-3414 [PMID: 18524852] and finding related domains attached to various glycosidases.
GH2, β-galactosidase (EC 3.2.1.23) ; β-mannosidase (EC 3.2.1.25); β-glucuronidase (EC 3.2.1.31); α-L-arabinofuranosidase (EC 3.2.1.55); mannosylglycoprotein endo-β-mannosidase (EC 3.2.1.152); exo-β-glucosaminidase (EC 3.2.1.165); α-L-arabinopyranosidase (EC 3.2.1.-); β-galacturonidase (EC 3.2.1.-); β-xylosidase (EC 3.2.1.37); β-D-galactofuranosidase (EC 3.2.1.146); β-glucosidase (EC 3.2.1.21)
CBM6," Modules of approx. 120 residues. The cellulose-binding function has been demonstrated in one case on amorphous cellulose and β-1,4-xylan. Some of these modules also bind β-1,3-glucan, β-1,3-1,4-glucan, and β-1,4-glucan."
CBM61," Modules of approx. 150 residues found appended to GH16, GH30, GH31, GH43, GH53 and GH66 catalytic domains. A β-1,4-galactan binding function has been demonstrated for the CBM61 of Thermotoga maritima GH53 galactanase [PMID: 20826814]. "
GH10," endo-1,4-β-xylanase (EC 3.2.1.8); endo-1,3-β-xylanase (EC 3.2.1.32); tomatinase (EC 3.2.1.-); xylan endotransglycosylase (EC 2.4.2.-); endo-β-1,4-glucanase (EC 3.2.1.4)"
GH13_17," α-amylase (EC 3.2.1.1); pullulanase (EC 3.2.1.41); cyclomaltodextrin glucanotransferase (EC 2.4.1.19); cyclomaltodextrinase (EC 3.2.1.54); trehalose-6-phosphate hydrolase (EC 3.2.1.93); oligo-α-glucosidase (EC 3.2.1.10); maltogenic amylase (EC 3.2.1.133); neopullulanase (EC 3.2.1.135); α-glucosidase (EC 3.2.1.20); maltotetraose-forming α-amylase (EC 3.2.1.60); isoamylase (EC 3.2.1.68); glucodextranase (EC 3.2.1.70); maltohexaose-forming α-amylase (EC 3.2.1.98); maltotriose-forming α-amylase (EC 3.2.1.116); branching enzyme (EC 2.4.1.18); trehalose synthase (EC 5.4.99.16); 4-α-glucanotransferase (EC 2.4.1.25); maltopentaose-forming α-amylase (EC 3.2.1.-) ; amylosucrase (EC 2.4.1.4) ; sucrose phosphorylase (EC 2.4.1.7); malto-oligosyltrehalose trehalohydrolase (EC 3.2.1.141); isomaltulose synthase (EC 5.4.99.11); malto-oligosyltrehalose synthase (EC 5.4.99.15); amylo-α-1,6-glucosidase (EC 3.2.1.33); α-1,4-glucan: phosphate α-maltosyltransferase (EC 2.4.99.16); amino acid transporter; [retaining] sucrose 6(F)-phosphate phosphorylase (EC 2.4.1.329); [retaining] glucosylglycerol phosphorylase (EC 2.4.1.359); ; Glucosylglycerate phosphorylase (EC 2.4.1.352); [retaining] sucrose α-glucosidase (EC 3.2.1.48); oligosaccharide α-4-glucosyltransferase (EC 2.4.1.161)"
GH136, lacto-N-biosidase (EC 3.2.1.140); Lacto-N-biosidase (Lewis antigen a/b specificity) (EC 3.2.1.-)
GH141, α-L-fucosidase (EC 3.2.1.51); xylanase (EC 3.2.1.8)
GH3," β-glucosidase (EC 3.2.1.21); xylan 1,4-β-xylosidase (EC 3.2.1.37); β-glucosylceramidase (EC 3.2.1.45); β-N-acetylhexosaminidase (EC 3.2.1.52); α-L-arabinofuranosidase (EC 3.2.1.55); glucan 1,4-β-glucosidase (EC 3.2.1.74); isoprimeverose-producing oligoxyloglucan hydrolase (EC 3.2.1.120); coniferin β-glucosidase (EC 3.2.1.126); exo-1,3-1,4-glucanase (EC 3.2.1.-); β-N-acetylglucosaminide phosphorylases (EC 2.4.1.-); β-1,2-glucosidase (EC 3.2.1.-); β-1,3-glucosidase (EC 3.2.1.-); xyloglucan-specific exo-β-1,4-glucanase / exo-xyloglucanase (EC 3.2.1.155)"
GH43_37," β-xylosidase (EC 3.2.1.37); α-L-arabinofuranosidase (EC 3.2.1.55); xylanase (EC 3.2.1.8); α-1,2-L-arabinofuranosidase (EC 3.2.1.-); exo-α-1,5-L-arabinofuranosidase (EC 3.2.1.-); [inverting] exo-α-1,5-L-arabinanase (EC 3.2.1.-); β-1,3-xylosidase (EC 3.2.1.-); [inverting] exo-α-1,5-L-arabinanase (EC 3.2.1.-); [inverting] endo-α-1,5-L-arabinanase (EC 3.2.1.99); exo-β-1,3-galactanase (EC 3.2.1.145); β-D-galactofuranosidase (EC 3.2.1.146)"
GH45," endoglucanase (EC 3.2.1.4); xyloglucan-specific endo-β-1,4-glucanase / endo-xyloglucanase (EC 3.2.1.151); endo-β-1,4-mannanase (EC 3.2.1.78)"
GH5_26," endo-β-1,4-glucanase / cellulase (EC 3.2.1.4); endo-β-1,4-xylanase (EC 3.2.1.8); β-glucosidase (EC 3.2.1.21); β-mannosidase (EC 3.2.1.25); β-glucosylceramidase (EC 3.2.1.45); glucan β-1,3-glucosidase (EC 3.2.1.58); exo-β-1,4-glucanase / cellodextrinase (EC 3.2.1.74); glucan endo-1,6-β-glucosidase (EC 3.2.1.75); mannan endo-β-1,4-mannosidase (EC 3.2.1.78); cellulose β-1,4-cellobiosidase (EC 3.2.1.91); steryl β-glucosidase (EC 3.2.1.104); endoglycoceramidase (EC 3.2.1.123); chitosanase (EC 3.2.1.132); β-primeverosidase (EC 3.2.1.149); xyloglucan-specific endo-β-1,4-glucanase (EC 3.2.1.151); endo-β-1,6-galactanase (EC 3.2.1.164); β-1,3-mannanase (EC 3.2.1.-); arabinoxylan-specific endo-β-1,4-xylanase (EC 3.2.1.-); mannan transglycosylase (EC 2.4.1.-); lichenase / endo-β-1,3-1,4-glucanase (EC 3.2.1.73); β-glycosidase (EC 3.2.1.-); endo-β-1,3-glucanase / laminarinase (EC 3.2.1.39); β-N-acetylhexosaminidase (EC 3.2.1.52); chitosanase (EC 3.2.1.132); β-D-galactofuranosidase (EC 3.2.1.146); β-galactosylceramidase (EC 3.2.1.46); ; β-rutinosidase /α-L-rhamnose-(1,6)-β-D-glucosidase (EC 3.2.1.-); α-L-arabinofuranosidase (EC 3.2.1.55)"
GH5_4," endo-β-1,4-glucanase / cellulase (EC 3.2.1.4); endo-β-1,4-xylanase (EC 3.2.1.8); β-glucosidase (EC 3.2.1.21); β-mannosidase (EC 3.2.1.25); β-glucosylceramidase (EC 3.2.1.45); glucan β-1,3-glucosidase (EC 3.2.1.58); exo-β-1,4-glucanase / cellodextrinase (EC 3.2.1.74); glucan endo-1,6-β-glucosidase (EC 3.2.1.75); mannan endo-β-1,4-mannosidase (EC 3.2.1.78); cellulose β-1,4-cellobiosidase (EC 3.2.1.91); steryl β-glucosidase (EC 3.2.1.104); endoglycoceramidase (EC 3.2.1.123); chitosanase (EC 3.2.1.132); β-primeverosidase (EC 3.2.1.149); xyloglucan-specific endo-β-1,4-glucanase (EC 3.2.1.151); endo-β-1,6-galactanase (EC 3.2.1.164); β-1,3-mannanase (EC 3.2.1.-); arabinoxylan-specific endo-β-1,4-xylanase (EC 3.2.1.-); mannan transglycosylase (EC 2.4.1.-); lichenase / endo-β-1,3-1,4-glucanase (EC 3.2.1.73); β-glycosidase (EC 3.2.1.-); endo-β-1,3-glucanase / laminarinase (EC 3.2.1.39); β-N-acetylhexosaminidase (EC 3.2.1.52); chitosanase (EC 3.2.1.132); β-D-galactofuranosidase (EC 3.2.1.146); β-galactosylceramidase (EC 3.2.1.46); ; β-rutinosidase /α-L-rhamnose-(1,6)-β-D-glucosidase (EC 3.2.1.-); α-L-arabinofuranosidase (EC 3.2.1.55)"
GH30_5," endo-β-1,4-xylanase (EC 3.2.1.8); β-glucosidase (3.2.1.21); β-glucuronidase (EC 3.2.1.31); β-xylosidase (EC 3.2.1.37); β-fucosidase (EC 3.2.1.38); glucosylceramidase (EC 3.2.1.45); β-1,6-glucanase (EC 3.2.1.75); glucuronoarabinoxylan endo-β-1,4-xylanase (EC 3.2.1.136); endo-β-1,6-galactanase (EC:3.2.1.164); [reducing end] β-xylosidase (EC 3.2.1.-)"
GH43_9," β-xylosidase (EC 3.2.1.37); α-L-arabinofuranosidase (EC 3.2.1.55); xylanase (EC 3.2.1.8); α-1,2-L-arabinofuranosidase (EC 3.2.1.-); exo-α-1,5-L-arabinofuranosidase (EC 3.2.1.-); [inverting] exo-α-1,5-L-arabinanase (EC 3.2.1.-); β-1,3-xylosidase (EC 3.2.1.-); [inverting] exo-α-1,5-L-arabinanase (EC 3.2.1.-); [inverting] endo-α-1,5-L-arabinanase (EC 3.2.1.99); exo-β-1,3-galactanase (EC 3.2.1.145); β-D-galactofuranosidase (EC 3.2.1.146)"
GH5_25," endo-β-1,4-glucanase / cellulase (EC 3.2.1.4); endo-β-1,4-xylanase (EC 3.2.1.8); β-glucosidase (EC 3.2.1.21); β-mannosidase (EC 3.2.1.25); β-glucosylceramidase (EC 3.2.1.45); glucan β-1,3-glucosidase (EC 3.2.1.58); exo-β-1,4-glucanase / cellodextrinase (EC 3.2.1.74); glucan endo-1,6-β-glucosidase (EC 3.2.1.75); mannan endo-β-1,4-mannosidase (EC 3.2.1.78); cellulose β-1,4-cellobiosidase (EC 3.2.1.91); steryl β-glucosidase (EC 3.2.1.104); endoglycoceramidase (EC 3.2.1.123); chitosanase (EC 3.2.1.132); β-primeverosidase (EC 3.2.1.149); xyloglucan-specific endo-β-1,4-glucanase (EC 3.2.1.151); endo-β-1,6-galactanase (EC 3.2.1.164); β-1,3-mannanase (EC 3.2.1.-); arabinoxylan-specific endo-β-1,4-xylanase (EC 3.2.1.-); mannan transglycosylase (EC 2.4.1.-); lichenase / endo-β-1,3-1,4-glucanase (EC 3.2.1.73); β-glycosidase (EC 3.2.1.-); endo-β-1,3-glucanase / laminarinase (EC 3.2.1.39); β-N-acetylhexosaminidase (EC 3.2.1.52); chitosanase (EC 3.2.1.132); β-D-galactofuranosidase (EC 3.2.1.146); β-galactosylceramidase (EC 3.2.1.46); ; β-rutinosidase /α-L-rhamnose-(1,6)-β-D-glucosidase (EC 3.2.1.-); α-L-arabinofuranosidase (EC 3.2.1.55)"
GH113, β-mannanase (EC 3.2.1.78)
GH30_2," endo-β-1,4-xylanase (EC 3.2.1.8); β-glucosidase (3.2.1.21); β-glucuronidase (EC 3.2.1.31); β-xylosidase (EC 3.2.1.37); β-fucosidase (EC 3.2.1.38); glucosylceramidase (EC 3.2.1.45); β-1,6-glucanase (EC 3.2.1.75); glucuronoarabinoxylan endo-β-1,4-xylanase (EC 3.2.1.136); endo-β-1,6-galactanase (EC:3.2.1.164); [reducing end] β-xylosidase (EC 3.2.1.-)"
GH43," β-xylosidase (EC 3.2.1.37); α-L-arabinofuranosidase (EC 3.2.1.55); xylanase (EC 3.2.1.8); α-1,2-L-arabinofuranosidase (EC 3.2.1.-); exo-α-1,5-L-arabinofuranosidase (EC 3.2.1.-); [inverting] exo-α-1,5-L-arabinanase (EC 3.2.1.-); β-1,3-xylosidase (EC 3.2.1.-); [inverting] exo-α-1,5-L-arabinanase (EC 3.2.1.-); [inverting] endo-α-1,5-L-arabinanase (EC 3.2.1.99); exo-β-1,3-galactanase (EC 3.2.1.145); β-D-galactofuranosidase (EC 3.2.1.146)"
GH105," unsaturated rhamnogalacturonyl hydrolase (EC 3.2.1.172); d-4,5-unsaturated β-glucuronyl hydrolase (EC 3.2.1.-); d-4,5-unsaturated α-galacturonidase (EC 3.2.1.-)"
GH114," endo-α-1,4-polygalactosaminidase (EC 3.2.1.109)"
GH25, lysozyme (EC 3.2.1.17)
GH43_12," β-xylosidase (EC 3.2.1.37); α-L-arabinofuranosidase (EC 3.2.1.55); xylanase (EC 3.2.1.8); α-1,2-L-arabinofuranosidase (EC 3.2.1.-); exo-α-1,5-L-arabinofuranosidase (EC 3.2.1.-); [inverting] exo-α-1,5-L-arabinanase (EC 3.2.1.-); β-1,3-xylosidase (EC 3.2.1.-); [inverting] exo-α-1,5-L-arabinanase (EC 3.2.1.-); [inverting] endo-α-1,5-L-arabinanase (EC 3.2.1.99); exo-β-1,3-galactanase (EC 3.2.1.145); β-D-galactofuranosidase (EC 3.2.1.146)"
GH44, endoglucanase (EC 3.2.1.4); xyloglucanase (EC 3.2.1.151)
GH6," endoglucanase (EC 3.2.1.4); cellobiohydrolase (EC 3.2.1.91); lichenase / endo-β-1,3-1,4-glucanase (EC 3.2.1.73);"
GH63," processing α-glucosidase (EC 3.2.1.106); α-1,3-glucosidase (EC 3.2.1.84); α-glucosidase (EC 3.2.1.20); mannosylglycerate α-mannosidase / mannosylglycerate hydrolase (EC 3.2.1.170); glucosylglycerate hydrolase (EC 3.2.1.208)"
GH8," chitosanase (EC 3.2.1.132); cellulase (EC 3.2.1.4); licheninase (EC 3.2.1.73); endo-1,4-β-xylanase (EC 3.2.1.8); reducing-end-xylose releasing exo-oligoxylanase (EC 3.2.1.156)"
CBM2, Modules of approx. 100 residues and which are found in a large number of bacterial enzymes. The cellulose-binding function has been demonstrated in many cases. Several of these modules have been shown to also bind chitin or xylan.
CBM48," Modules of approx. 100 residues with glycogen-binding function, appended to GH13 modules. Also found in the beta subunit (glycogen-binding) of AMP-activated protein kinases (AMPK)"
CBM68," Binding to maltotriose and maltotetraose shown for the pullulanase of Anoxybacillus sp. LM18-11. Binding function derived from crystal structure and deletion of the CBM, which showed reduced specific activity and increased Km value compared to the wild type enzyme."
GH13_14," α-amylase (EC 3.2.1.1); pullulanase (EC 3.2.1.41); cyclomaltodextrin glucanotransferase (EC 2.4.1.19); cyclomaltodextrinase (EC 3.2.1.54); trehalose-6-phosphate hydrolase (EC 3.2.1.93); oligo-α-glucosidase (EC 3.2.1.10); maltogenic amylase (EC 3.2.1.133); neopullulanase (EC 3.2.1.135); α-glucosidase (EC 3.2.1.20); maltotetraose-forming α-amylase (EC 3.2.1.60); isoamylase (EC 3.2.1.68); glucodextranase (EC 3.2.1.70); maltohexaose-forming α-amylase (EC 3.2.1.98); maltotriose-forming α-amylase (EC 3.2.1.116); branching enzyme (EC 2.4.1.18); trehalose synthase (EC 5.4.99.16); 4-α-glucanotransferase (EC 2.4.1.25); maltopentaose-forming α-amylase (EC 3.2.1.-) ; amylosucrase (EC 2.4.1.4) ; sucrose phosphorylase (EC 2.4.1.7); malto-oligosyltrehalose trehalohydrolase (EC 3.2.1.141); isomaltulose synthase (EC 5.4.99.11); malto-oligosyltrehalose synthase (EC 5.4.99.15); amylo-α-1,6-glucosidase (EC 3.2.1.33); α-1,4-glucan: phosphate α-maltosyltransferase (EC 2.4.99.16); amino acid transporter; [retaining] sucrose 6(F)-phosphate phosphorylase (EC 2.4.1.329); [retaining] glucosylglycerol phosphorylase (EC 2.4.1.359); ; Glucosylglycerate phosphorylase (EC 2.4.1.352); [retaining] sucrose α-glucosidase (EC 3.2.1.48); oligosaccharide α-4-glucosyltransferase (EC 2.4.1.161)"
CBM67, Fujimoto et al. [PMID : 23486481] disclosed the L-rhamnose binding activity and 3-D structure of the CBM67 of Streptomyces avermitilis α-L-rhamnosidase (SaRha78A); 
GH78," α-L-rhamnosidase (EC 3.2.1.40); rhamnogalacturonan α-L-rhamnohydrolase (EC 3.2.1.174); L-Rhap-α-1,3-D-Apif -specific α-1,3-L-rhamnosidase (EC 3.2.1.-)"
GH129," α-N-acetylgalactosaminidase (EC 3.2.1.49); ; α-1,3-(3,6)-anhydro-D-galactosidase (EC 3.2.1.-)"
GH13_40," α-amylase (EC 3.2.1.1); pullulanase (EC 3.2.1.41); cyclomaltodextrin glucanotransferase (EC 2.4.1.19); cyclomaltodextrinase (EC 3.2.1.54); trehalose-6-phosphate hydrolase (EC 3.2.1.93); oligo-α-glucosidase (EC 3.2.1.10); maltogenic amylase (EC 3.2.1.133); neopullulanase (EC 3.2.1.135); α-glucosidase (EC 3.2.1.20); maltotetraose-forming α-amylase (EC 3.2.1.60); isoamylase (EC 3.2.1.68); glucodextranase (EC 3.2.1.70); maltohexaose-forming α-amylase (EC 3.2.1.98); maltotriose-forming α-amylase (EC 3.2.1.116); branching enzyme (EC 2.4.1.18); trehalose synthase (EC 5.4.99.16); 4-α-glucanotransferase (EC 2.4.1.25); maltopentaose-forming α-amylase (EC 3.2.1.-) ; amylosucrase (EC 2.4.1.4) ; sucrose phosphorylase (EC 2.4.1.7); malto-oligosyltrehalose trehalohydrolase (EC 3.2.1.141); isomaltulose synthase (EC 5.4.99.11); malto-oligosyltrehalose synthase (EC 5.4.99.15); amylo-α-1,6-glucosidase (EC 3.2.1.33); α-1,4-glucan: phosphate α-maltosyltransferase (EC 2.4.99.16); amino acid transporter; [retaining] sucrose 6(F)-phosphate phosphorylase (EC 2.4.1.329); [retaining] glucosylglycerol phosphorylase (EC 2.4.1.359); ; Glucosylglycerate phosphorylase (EC 2.4.1.352); [retaining] sucrose α-glucosidase (EC 3.2.1.48); oligosaccharide α-4-glucosyltransferase (EC 2.4.1.161)"
GH13_6," α-amylase (EC 3.2.1.1); pullulanase (EC 3.2.1.41); cyclomaltodextrin glucanotransferase (EC 2.4.1.19); cyclomaltodextrinase (EC 3.2.1.54); trehalose-6-phosphate hydrolase (EC 3.2.1.93); oligo-α-glucosidase (EC 3.2.1.10); maltogenic amylase (EC 3.2.1.133); neopullulanase (EC 3.2.1.135); α-glucosidase (EC 3.2.1.20); maltotetraose-forming α-amylase (EC 3.2.1.60); isoamylase (EC 3.2.1.68); glucodextranase (EC 3.2.1.70); maltohexaose-forming α-amylase (EC 3.2.1.98); maltotriose-forming α-amylase (EC 3.2.1.116); branching enzyme (EC 2.4.1.18); trehalose synthase (EC 5.4.99.16); 4-α-glucanotransferase (EC 2.4.1.25); maltopentaose-forming α-amylase (EC 3.2.1.-) ; amylosucrase (EC 2.4.1.4) ; sucrose phosphorylase (EC 2.4.1.7); malto-oligosyltrehalose trehalohydrolase (EC 3.2.1.141); isomaltulose synthase (EC 5.4.99.11); malto-oligosyltrehalose synthase (EC 5.4.99.15); amylo-α-1,6-glucosidase (EC 3.2.1.33); α-1,4-glucan: phosphate α-maltosyltransferase (EC 2.4.99.16); amino acid transporter; [retaining] sucrose 6(F)-phosphate phosphorylase (EC 2.4.1.329); [retaining] glucosylglycerol phosphorylase (EC 2.4.1.359); ; Glucosylglycerate phosphorylase (EC 2.4.1.352); [retaining] sucrose α-glucosidase (EC 3.2.1.48); oligosaccharide α-4-glucosyltransferase (EC 2.4.1.161)"
GH135," α-1,4-galactosaminogalactan hydrolase (EC 3.2.1.-)"
GH14, β-amylase (EC 3.2.1.2)
GH148," β-1,3-glucanase (EC 3.2.1.-)"
GH153," poly-β-1,6-D-glucosamine hydrolase (EC 3.2.1.-)"
GH50, β-agarase (EC 3.2.1.81).
GH59, β-galactosidase (EC 3.2.1.23); galactocerebrosidase (EC 3.2.1.46)
AA12, The pyrroloquinoline quinone-dependent oxidoreductase activity was demonstrated for the CC1G_09525 protein of Coprinopsis cinerea. 
CBM13," Modules of approx. 150 residues which always appear as a threefold internal repeat. The only apparent exception to this, xylanase II of Actinomadura sp. FC7 (GenBank U08894), is in fact not completely sequenced. These modules were first identified in several plant lectins such as ricin or agglutinin of Ricinus communis which bind galactose residues. The three-dimensional structure of a plant lectin has been determined and displays a pseudo-threefold symmetry in accord with the observed sequence threefold repeat. These modules have since been found in a number of other proteins of various functions including glycoside hydrolases and glycosyltransferases. While in the plant lectins this module binds mannose, binding to xylan has been demonstrated in the Streptomyces lividans xylanase A and arabinofuranosidase B. Binding to GalNAc has been shown for the corresponding module of GalNAc transferase 4. For the other proteins, the binding specificity of these modules has not been established. The pseudo three-fold symmetry of the CBM13 module has now been confirmed in the 3-D structure of the intact, two-domain, xylanase of Streptomyces olivaceoviridis."
CBM32," Binding to galactose and lactose has been demonstrated for the module of Micromonospora viridifaciens sialidase (PMID: 16239725). Binding to polygalacturonic acid has been shown for a Yersinia member (PMID: 17292916). Binding to LacNAc (β-D-galactosyl-1,4-β-D-N-acetylglucosamine) has been shown for an N-acetylglucosaminidase from Clostridium perfingens (PMID: 16990278). "
CBM50," Modules of approx. 50 residues found attached to various enzymes from families GH18, GH19, GH23, GH24, GH25 and GH73, i.e. enzymes cleaving either chitin or peptidoglycan. Binding to chitopentaose demonstrated in the case of Pteris ryukyuensis chitinase A [Ohnuma T et al. (2008) J. Biol. Chem. 283:5178-87 (PMID: 18083709)]. CBM50 modules are also found in a multitude of other enzymes targeting the petidoglycan such as peptidases and amidases. These enzymes are not reported in the list below."
CE4, acetyl xylan esterase (EC 3.1.1.72);  chitin deacetylase (EC 3.5.1.41); chitooligosaccharide deacetylase (EC 3.5.1.-); peptidoglycan GlcNAc deacetylase (EC 3.5.1.-); peptidoglycan N-acetylmuramic acid deacetylase (EC 3.5.1.-).
GH18, chitinase (EC 3.2.1.14); lysozyme (EC 3.2.1.17); endo-β-N-acetylglucosaminidase (EC 3.2.1.96); peptidoglycan hydrolase with endo-β-N-acetylglucosaminidase specificity (EC 3.2.1.-); Nod factor hydrolase (EC 3.2.1.-); xylanase inhibitor; concanavalin B; narbonin
GT2," cellulose synthase (EC 2.4.1.12); chitin synthase (EC 2.4.1.16); dolichyl-phosphate β-D-mannosyltransferase (EC 2.4.1.83); dolichyl-phosphate β-glucosyltransferase (EC 2.4.1.117); N-acetylglucosaminyltransferase (EC 2.4.1.-); N-acetylgalactosaminyltransferase (EC 2.4.1.-); hyaluronan synthase (EC 2.4.1.212); chitin oligosaccharide synthase (EC 2.4.1.-); β-1,3-glucan synthase (EC 2.4.1.34); β-1,4-mannan synthase (EC 2.4.1.-); β-mannosylphosphodecaprenol-mannooligosaccharide α-1,6-mannosyltransferase (EC 2.4.1.199); UDP-Galf: rhamnopyranosyl-N-acetylglucosaminyl-PP-decaprenol β-1,4/1,5-galactofuranosyltransferase (EC 2.4.1.287); UDP-Galf: galactofuranosyl-galactofuranosyl-rhamnosyl-N-acetylglucosaminyl-PP-decaprenol β-1,5/1,6-galactofuranosyltransferase (EC 2.4.1.288); dTDP-L-Rha: N-acetylglucosaminyl-PP-decaprenol α-1,3-L-rhamnosyltransferase (EC 2.4.1.289); alternating β-1,3/4-N-acetylmannan synthase (2.4.1.-)"
GH128," β-1,3-glucanase (EC 3.2.1.39); β-1,3-glucosidase (EC 3.2.1.-)"
GH13_33," α-amylase (EC 3.2.1.1); pullulanase (EC 3.2.1.41); cyclomaltodextrin glucanotransferase (EC 2.4.1.19); cyclomaltodextrinase (EC 3.2.1.54); trehalose-6-phosphate hydrolase (EC 3.2.1.93); oligo-α-glucosidase (EC 3.2.1.10); maltogenic amylase (EC 3.2.1.133); neopullulanase (EC 3.2.1.135); α-glucosidase (EC 3.2.1.20); maltotetraose-forming α-amylase (EC 3.2.1.60); isoamylase (EC 3.2.1.68); glucodextranase (EC 3.2.1.70); maltohexaose-forming α-amylase (EC 3.2.1.98); maltotriose-forming α-amylase (EC 3.2.1.116); branching enzyme (EC 2.4.1.18); trehalose synthase (EC 5.4.99.16); 4-α-glucanotransferase (EC 2.4.1.25); maltopentaose-forming α-amylase (EC 3.2.1.-) ; amylosucrase (EC 2.4.1.4) ; sucrose phosphorylase (EC 2.4.1.7); malto-oligosyltrehalose trehalohydrolase (EC 3.2.1.141); isomaltulose synthase (EC 5.4.99.11); malto-oligosyltrehalose synthase (EC 5.4.99.15); amylo-α-1,6-glucosidase (EC 3.2.1.33); α-1,4-glucan: phosphate α-maltosyltransferase (EC 2.4.99.16); amino acid transporter; [retaining] sucrose 6(F)-phosphate phosphorylase (EC 2.4.1.329); [retaining] glucosylglycerol phosphorylase (EC 2.4.1.359); ; Glucosylglycerate phosphorylase (EC 2.4.1.352); [retaining] sucrose α-glucosidase (EC 3.2.1.48); oligosaccharide α-4-glucosyltransferase (EC 2.4.1.161)"
GH144," endo-β-1,2-glucanase (EC 3.2.1.71); β-1,2-glucooligosaccharide sophorohydrolase (EC 3.2.1.-)"
GH17," glucan endo-1,3-β-glucosidase (EC 3.2.1.39); licheninase (EC 3.2.1.73); ABA-specific β-glucosidase (EC 3.2.1.175); β-1,3-glucanosyltransglycosylase (EC 2.4.1.-); β-1,3-glucosidase (EC 3.2.1.-)"
GH19, chitinase (EC 3.2.1.14); lysozyme (EC 3.2.1.17)
GH27, α-galactosidase (EC 3.2.1.22); α-N-acetylgalactosaminidase (EC 3.2.1.49); isomalto-dextranase (EC 3.2.1.94); β-L-arabinopyranosidase (EC 3.2.1.88); galactan:galactan galactosyltransferase (EC 2.4.1.-)
GH30," endo-β-1,4-xylanase (EC 3.2.1.8); β-glucosidase (3.2.1.21); β-glucuronidase (EC 3.2.1.31); β-xylosidase (EC 3.2.1.37); β-fucosidase (EC 3.2.1.38); glucosylceramidase (EC 3.2.1.45); β-1,6-glucanase (EC 3.2.1.75); glucuronoarabinoxylan endo-β-1,4-xylanase (EC 3.2.1.136); endo-β-1,6-galactanase (EC:3.2.1.164); [reducing end] β-xylosidase (EC 3.2.1.-)"
GH37," α,α-trehalase (EC 3.2.1.28)."
GH43_5," β-xylosidase (EC 3.2.1.37); α-L-arabinofuranosidase (EC 3.2.1.55); xylanase (EC 3.2.1.8); α-1,2-L-arabinofuranosidase (EC 3.2.1.-); exo-α-1,5-L-arabinofuranosidase (EC 3.2.1.-); [inverting] exo-α-1,5-L-arabinanase (EC 3.2.1.-); β-1,3-xylosidase (EC 3.2.1.-); [inverting] exo-α-1,5-L-arabinanase (EC 3.2.1.-); [inverting] endo-α-1,5-L-arabinanase (EC 3.2.1.99); exo-β-1,3-galactanase (EC 3.2.1.145); β-D-galactofuranosidase (EC 3.2.1.146)"
GH47, α-mannosidase (EC 3.2.1.113)
GH5_13," endo-β-1,4-glucanase / cellulase (EC 3.2.1.4); endo-β-1,4-xylanase (EC 3.2.1.8); β-glucosidase (EC 3.2.1.21); β-mannosidase (EC 3.2.1.25); β-glucosylceramidase (EC 3.2.1.45); glucan β-1,3-glucosidase (EC 3.2.1.58); exo-β-1,4-glucanase / cellodextrinase (EC 3.2.1.74); glucan endo-1,6-β-glucosidase (EC 3.2.1.75); mannan endo-β-1,4-mannosidase (EC 3.2.1.78); cellulose β-1,4-cellobiosidase (EC 3.2.1.91); steryl β-glucosidase (EC 3.2.1.104); endoglycoceramidase (EC 3.2.1.123); chitosanase (EC 3.2.1.132); β-primeverosidase (EC 3.2.1.149); xyloglucan-specific endo-β-1,4-glucanase (EC 3.2.1.151); endo-β-1,6-galactanase (EC 3.2.1.164); β-1,3-mannanase (EC 3.2.1.-); arabinoxylan-specific endo-β-1,4-xylanase (EC 3.2.1.-); mannan transglycosylase (EC 2.4.1.-); lichenase / endo-β-1,3-1,4-glucanase (EC 3.2.1.73); β-glycosidase (EC 3.2.1.-); endo-β-1,3-glucanase / laminarinase (EC 3.2.1.39); β-N-acetylhexosaminidase (EC 3.2.1.52); chitosanase (EC 3.2.1.132); β-D-galactofuranosidase (EC 3.2.1.146); β-galactosylceramidase (EC 3.2.1.46); ; β-rutinosidase /α-L-rhamnose-(1,6)-β-D-glucosidase (EC 3.2.1.-); α-L-arabinofuranosidase (EC 3.2.1.55)"
GH5_46," endo-β-1,4-glucanase / cellulase (EC 3.2.1.4); endo-β-1,4-xylanase (EC 3.2.1.8); β-glucosidase (EC 3.2.1.21); β-mannosidase (EC 3.2.1.25); β-glucosylceramidase (EC 3.2.1.45); glucan β-1,3-glucosidase (EC 3.2.1.58); exo-β-1,4-glucanase / cellodextrinase (EC 3.2.1.74); glucan endo-1,6-β-glucosidase (EC 3.2.1.75); mannan endo-β-1,4-mannosidase (EC 3.2.1.78); cellulose β-1,4-cellobiosidase (EC 3.2.1.91); steryl β-glucosidase (EC 3.2.1.104); endoglycoceramidase (EC 3.2.1.123); chitosanase (EC 3.2.1.132); β-primeverosidase (EC 3.2.1.149); xyloglucan-specific endo-β-1,4-glucanase (EC 3.2.1.151); endo-β-1,6-galactanase (EC 3.2.1.164); β-1,3-mannanase (EC 3.2.1.-); arabinoxylan-specific endo-β-1,4-xylanase (EC 3.2.1.-); mannan transglycosylase (EC 2.4.1.-); lichenase / endo-β-1,3-1,4-glucanase (EC 3.2.1.73); β-glycosidase (EC 3.2.1.-); endo-β-1,3-glucanase / laminarinase (EC 3.2.1.39); β-N-acetylhexosaminidase (EC 3.2.1.52); chitosanase (EC 3.2.1.132); β-D-galactofuranosidase (EC 3.2.1.146); β-galactosylceramidase (EC 3.2.1.46); ; β-rutinosidase /α-L-rhamnose-(1,6)-β-D-glucosidase (EC 3.2.1.-); α-L-arabinofuranosidase (EC 3.2.1.55)"
GH73, lysozyme (EC 3.2.1.17); mannosyl-glycoprotein endo-β-N-acetylglucosaminidase (EC 3.2.1.96); peptidoglycan hydrolase with endo-β-N-acetylglucosaminidase specificity  (EC 3.2.1.-)
AA6," 1,4-benzoquinone reductase (EC. 1.6.5.6)"
GH13_10," α-amylase (EC 3.2.1.1); pullulanase (EC 3.2.1.41); cyclomaltodextrin glucanotransferase (EC 2.4.1.19); cyclomaltodextrinase (EC 3.2.1.54); trehalose-6-phosphate hydrolase (EC 3.2.1.93); oligo-α-glucosidase (EC 3.2.1.10); maltogenic amylase (EC 3.2.1.133); neopullulanase (EC 3.2.1.135); α-glucosidase (EC 3.2.1.20); maltotetraose-forming α-amylase (EC 3.2.1.60); isoamylase (EC 3.2.1.68); glucodextranase (EC 3.2.1.70); maltohexaose-forming α-amylase (EC 3.2.1.98); maltotriose-forming α-amylase (EC 3.2.1.116); branching enzyme (EC 2.4.1.18); trehalose synthase (EC 5.4.99.16); 4-α-glucanotransferase (EC 2.4.1.25); maltopentaose-forming α-amylase (EC 3.2.1.-) ; amylosucrase (EC 2.4.1.4) ; sucrose phosphorylase (EC 2.4.1.7); malto-oligosyltrehalose trehalohydrolase (EC 3.2.1.141); isomaltulose synthase (EC 5.4.99.11); malto-oligosyltrehalose synthase (EC 5.4.99.15); amylo-α-1,6-glucosidase (EC 3.2.1.33); α-1,4-glucan: phosphate α-maltosyltransferase (EC 2.4.99.16); amino acid transporter; [retaining] sucrose 6(F)-phosphate phosphorylase (EC 2.4.1.329); [retaining] glucosylglycerol phosphorylase (EC 2.4.1.359); ; Glucosylglycerate phosphorylase (EC 2.4.1.352); [retaining] sucrose α-glucosidase (EC 3.2.1.48); oligosaccharide α-4-glucosyltransferase (EC 2.4.1.161)"
GH133," amylo-α-1,6-glucosidase (EC 3.2.1.33); "
GH57, α-amylase (EC 3.2.1.1); α-galactosidase (EC 3.2.1.22); amylopullulanase (EC 3.2.1.41); cyclomaltodextrinase (EC 3.2.1.54); branching enzyme (EC 2.4.1.18); 4-α-glucanotransferase (EC 2.4.1.25)
GH65," α,α-trehalase (EC 3.2.1.28); maltose phosphorylase (EC 2.4.1.8); trehalose phosphorylase (EC 2.4.1.64); kojibiose phosphorylase (EC 2.4.1.230); trehalose-6-phosphate phosphorylase (EC 2.4.1.216); nigerose phosphorylase (EC 2.4.1.279); 3-O-α-glucopyranosyl-L-rhamnose phosphorylase (EC 2.4.1.282); 2-O-α-glucopyranosylglycerol: phosphate β-glucosyltransferase (EC 2.4.1.-); α-glucosyl-1,2-β-galactosyl-L-hydroxylysine α-glucosidase (EC 3.2.1.107); 1,3-Î±-oligoglucan phosphorylase (EC 2.4.1.334)"
GH77, amylomaltase or 4-α-glucanotransferase (EC 2.4.1.25)
GH0, Glycoside hydrolases not yet assigned to a family. 
GH23, lysozyme type G (EC 3.2.1.17); peptidoglycan lyase (EC 4.2.2.n1) also known in the literature as peptidoglycan lytic transglycosylase; chitinase (EC 3.2.1.14)
AA5_2, Oxidase with oxygen as acceptor (EC 1.1.3.-); galactose oxidase (EC 1.1.3.9); glyoxal oxidase (EC 1.2.3.15); alcohol oxidase (EC 1.1.3.13); raffinose oxidase (EC 1.1.3.-)
GH13_24," α-amylase (EC 3.2.1.1); pullulanase (EC 3.2.1.41); cyclomaltodextrin glucanotransferase (EC 2.4.1.19); cyclomaltodextrinase (EC 3.2.1.54); trehalose-6-phosphate hydrolase (EC 3.2.1.93); oligo-α-glucosidase (EC 3.2.1.10); maltogenic amylase (EC 3.2.1.133); neopullulanase (EC 3.2.1.135); α-glucosidase (EC 3.2.1.20); maltotetraose-forming α-amylase (EC 3.2.1.60); isoamylase (EC 3.2.1.68); glucodextranase (EC 3.2.1.70); maltohexaose-forming α-amylase (EC 3.2.1.98); maltotriose-forming α-amylase (EC 3.2.1.116); branching enzyme (EC 2.4.1.18); trehalose synthase (EC 5.4.99.16); 4-α-glucanotransferase (EC 2.4.1.25); maltopentaose-forming α-amylase (EC 3.2.1.-) ; amylosucrase (EC 2.4.1.4) ; sucrose phosphorylase (EC 2.4.1.7); malto-oligosyltrehalose trehalohydrolase (EC 3.2.1.141); isomaltulose synthase (EC 5.4.99.11); malto-oligosyltrehalose synthase (EC 5.4.99.15); amylo-α-1,6-glucosidase (EC 3.2.1.33); α-1,4-glucan: phosphate α-maltosyltransferase (EC 2.4.99.16); amino acid transporter; [retaining] sucrose 6(F)-phosphate phosphorylase (EC 2.4.1.329); [retaining] glucosylglycerol phosphorylase (EC 2.4.1.359); ; Glucosylglycerate phosphorylase (EC 2.4.1.352); [retaining] sucrose α-glucosidase (EC 3.2.1.48); oligosaccharide α-4-glucosyltransferase (EC 2.4.1.161)"
GH13_7," α-amylase (EC 3.2.1.1); pullulanase (EC 3.2.1.41); cyclomaltodextrin glucanotransferase (EC 2.4.1.19); cyclomaltodextrinase (EC 3.2.1.54); trehalose-6-phosphate hydrolase (EC 3.2.1.93); oligo-α-glucosidase (EC 3.2.1.10); maltogenic amylase (EC 3.2.1.133); neopullulanase (EC 3.2.1.135); α-glucosidase (EC 3.2.1.20); maltotetraose-forming α-amylase (EC 3.2.1.60); isoamylase (EC 3.2.1.68); glucodextranase (EC 3.2.1.70); maltohexaose-forming α-amylase (EC 3.2.1.98); maltotriose-forming α-amylase (EC 3.2.1.116); branching enzyme (EC 2.4.1.18); trehalose synthase (EC 5.4.99.16); 4-α-glucanotransferase (EC 2.4.1.25); maltopentaose-forming α-amylase (EC 3.2.1.-) ; amylosucrase (EC 2.4.1.4) ; sucrose phosphorylase (EC 2.4.1.7); malto-oligosyltrehalose trehalohydrolase (EC 3.2.1.141); isomaltulose synthase (EC 5.4.99.11); malto-oligosyltrehalose synthase (EC 5.4.99.15); amylo-α-1,6-glucosidase (EC 3.2.1.33); α-1,4-glucan: phosphate α-maltosyltransferase (EC 2.4.99.16); amino acid transporter; [retaining] sucrose 6(F)-phosphate phosphorylase (EC 2.4.1.329); [retaining] glucosylglycerol phosphorylase (EC 2.4.1.359); ; Glucosylglycerate phosphorylase (EC 2.4.1.352); [retaining] sucrose α-glucosidase (EC 3.2.1.48); oligosaccharide α-4-glucosyltransferase (EC 2.4.1.161)"
GH5_44," endo-β-1,4-glucanase / cellulase (EC 3.2.1.4); endo-β-1,4-xylanase (EC 3.2.1.8); β-glucosidase (EC 3.2.1.21); β-mannosidase (EC 3.2.1.25); β-glucosylceramidase (EC 3.2.1.45); glucan β-1,3-glucosidase (EC 3.2.1.58); exo-β-1,4-glucanase / cellodextrinase (EC 3.2.1.74); glucan endo-1,6-β-glucosidase (EC 3.2.1.75); mannan endo-β-1,4-mannosidase (EC 3.2.1.78); cellulose β-1,4-cellobiosidase (EC 3.2.1.91); steryl β-glucosidase (EC 3.2.1.104); endoglycoceramidase (EC 3.2.1.123); chitosanase (EC 3.2.1.132); β-primeverosidase (EC 3.2.1.149); xyloglucan-specific endo-β-1,4-glucanase (EC 3.2.1.151); endo-β-1,6-galactanase (EC 3.2.1.164); β-1,3-mannanase (EC 3.2.1.-); arabinoxylan-specific endo-β-1,4-xylanase (EC 3.2.1.-); mannan transglycosylase (EC 2.4.1.-); lichenase / endo-β-1,3-1,4-glucanase (EC 3.2.1.73); β-glycosidase (EC 3.2.1.-); endo-β-1,3-glucanase / laminarinase (EC 3.2.1.39); β-N-acetylhexosaminidase (EC 3.2.1.52); chitosanase (EC 3.2.1.132); β-D-galactofuranosidase (EC 3.2.1.146); β-galactosylceramidase (EC 3.2.1.46); ; β-rutinosidase /α-L-rhamnose-(1,6)-β-D-glucosidase (EC 3.2.1.-); α-L-arabinofuranosidase (EC 3.2.1.55)"
GH76," α-1,6-mannanase (EC 3.2.1.101); α-glucosidase (EC 3.2.1.20)"
GH87," mycodextranase (EC 3.2.1.61); α-1,3-glucanase (EC 3.2.1.59)"
GH32," invertase (EC 3.2.1.26); endo-inulinase (EC 3.2.1.7); β-2,6-fructan 6-levanbiohydrolase (EC 3.2.1.64); endo-levanase (EC 3.2.1.65); exo-inulinase (EC 3.2.1.80); fructan β-(2,1)-fructosidase/1-exohydrolase (EC 3.2.1.153); fructan β-(2,6)-fructosidase/6-exohydrolase (EC 3.2.1.154); sucrose:sucrose 1-fructosyltransferase (EC 2.4.1.99); fructan:fructan 1-fructosyltransferase (EC 2.4.1.100); sucrose:fructan 6-fructosyltransferase (EC 2.4.1.10); fructan:fructan 6G-fructosyltransferase (EC 2.4.1.243); levan fructosyltransferase (EC 2.4.1.-); [retaining] sucrose:sucrose 6-fructosyltransferase (6-SST) (EC 2.4.1.-); cycloinulo-oligosaccharide fructanotransferase (EC 2.4.1.-)"
GH13_11," α-amylase (EC 3.2.1.1); pullulanase (EC 3.2.1.41); cyclomaltodextrin glucanotransferase (EC 2.4.1.19); cyclomaltodextrinase (EC 3.2.1.54); trehalose-6-phosphate hydrolase (EC 3.2.1.93); oligo-α-glucosidase (EC 3.2.1.10); maltogenic amylase (EC 3.2.1.133); neopullulanase (EC 3.2.1.135); α-glucosidase (EC 3.2.1.20); maltotetraose-forming α-amylase (EC 3.2.1.60); isoamylase (EC 3.2.1.68); glucodextranase (EC 3.2.1.70); maltohexaose-forming α-amylase (EC 3.2.1.98); maltotriose-forming α-amylase (EC 3.2.1.116); branching enzyme (EC 2.4.1.18); trehalose synthase (EC 5.4.99.16); 4-α-glucanotransferase (EC 2.4.1.25); maltopentaose-forming α-amylase (EC 3.2.1.-) ; amylosucrase (EC 2.4.1.4) ; sucrose phosphorylase (EC 2.4.1.7); malto-oligosyltrehalose trehalohydrolase (EC 3.2.1.141); isomaltulose synthase (EC 5.4.99.11); malto-oligosyltrehalose synthase (EC 5.4.99.15); amylo-α-1,6-glucosidase (EC 3.2.1.33); α-1,4-glucan: phosphate α-maltosyltransferase (EC 2.4.99.16); amino acid transporter; [retaining] sucrose 6(F)-phosphate phosphorylase (EC 2.4.1.329); [retaining] glucosylglycerol phosphorylase (EC 2.4.1.359); ; Glucosylglycerate phosphorylase (EC 2.4.1.352); [retaining] sucrose α-glucosidase (EC 3.2.1.48); oligosaccharide α-4-glucosyltransferase (EC 2.4.1.161)"
GH13_3," α-amylase (EC 3.2.1.1); pullulanase (EC 3.2.1.41); cyclomaltodextrin glucanotransferase (EC 2.4.1.19); cyclomaltodextrinase (EC 3.2.1.54); trehalose-6-phosphate hydrolase (EC 3.2.1.93); oligo-α-glucosidase (EC 3.2.1.10); maltogenic amylase (EC 3.2.1.133); neopullulanase (EC 3.2.1.135); α-glucosidase (EC 3.2.1.20); maltotetraose-forming α-amylase (EC 3.2.1.60); isoamylase (EC 3.2.1.68); glucodextranase (EC 3.2.1.70); maltohexaose-forming α-amylase (EC 3.2.1.98); maltotriose-forming α-amylase (EC 3.2.1.116); branching enzyme (EC 2.4.1.18); trehalose synthase (EC 5.4.99.16); 4-α-glucanotransferase (EC 2.4.1.25); maltopentaose-forming α-amylase (EC 3.2.1.-) ; amylosucrase (EC 2.4.1.4) ; sucrose phosphorylase (EC 2.4.1.7); malto-oligosyltrehalose trehalohydrolase (EC 3.2.1.141); isomaltulose synthase (EC 5.4.99.11); malto-oligosyltrehalose synthase (EC 5.4.99.15); amylo-α-1,6-glucosidase (EC 3.2.1.33); α-1,4-glucan: phosphate α-maltosyltransferase (EC 2.4.99.16); amino acid transporter; [retaining] sucrose 6(F)-phosphate phosphorylase (EC 2.4.1.329); [retaining] glucosylglycerol phosphorylase (EC 2.4.1.359); ; Glucosylglycerate phosphorylase (EC 2.4.1.352); [retaining] sucrose α-glucosidase (EC 3.2.1.48); oligosaccharide α-4-glucosyltransferase (EC 2.4.1.161)"
GH5_1," endo-β-1,4-glucanase / cellulase (EC 3.2.1.4); endo-β-1,4-xylanase (EC 3.2.1.8); β-glucosidase (EC 3.2.1.21); β-mannosidase (EC 3.2.1.25); β-glucosylceramidase (EC 3.2.1.45); glucan β-1,3-glucosidase (EC 3.2.1.58); exo-β-1,4-glucanase / cellodextrinase (EC 3.2.1.74); glucan endo-1,6-β-glucosidase (EC 3.2.1.75); mannan endo-β-1,4-mannosidase (EC 3.2.1.78); cellulose β-1,4-cellobiosidase (EC 3.2.1.91); steryl β-glucosidase (EC 3.2.1.104); endoglycoceramidase (EC 3.2.1.123); chitosanase (EC 3.2.1.132); β-primeverosidase (EC 3.2.1.149); xyloglucan-specific endo-β-1,4-glucanase (EC 3.2.1.151); endo-β-1,6-galactanase (EC 3.2.1.164); β-1,3-mannanase (EC 3.2.1.-); arabinoxylan-specific endo-β-1,4-xylanase (EC 3.2.1.-); mannan transglycosylase (EC 2.4.1.-); lichenase / endo-β-1,3-1,4-glucanase (EC 3.2.1.73); β-glycosidase (EC 3.2.1.-); endo-β-1,3-glucanase / laminarinase (EC 3.2.1.39); β-N-acetylhexosaminidase (EC 3.2.1.52); chitosanase (EC 3.2.1.132); β-D-galactofuranosidase (EC 3.2.1.146); β-galactosylceramidase (EC 3.2.1.46); ; β-rutinosidase /α-L-rhamnose-(1,6)-β-D-glucosidase (EC 3.2.1.-); α-L-arabinofuranosidase (EC 3.2.1.55)"
GH5_22," endo-β-1,4-glucanase / cellulase (EC 3.2.1.4); endo-β-1,4-xylanase (EC 3.2.1.8); β-glucosidase (EC 3.2.1.21); β-mannosidase (EC 3.2.1.25); β-glucosylceramidase (EC 3.2.1.45); glucan β-1,3-glucosidase (EC 3.2.1.58); exo-β-1,4-glucanase / cellodextrinase (EC 3.2.1.74); glucan endo-1,6-β-glucosidase (EC 3.2.1.75); mannan endo-β-1,4-mannosidase (EC 3.2.1.78); cellulose β-1,4-cellobiosidase (EC 3.2.1.91); steryl β-glucosidase (EC 3.2.1.104); endoglycoceramidase (EC 3.2.1.123); chitosanase (EC 3.2.1.132); β-primeverosidase (EC 3.2.1.149); xyloglucan-specific endo-β-1,4-glucanase (EC 3.2.1.151); endo-β-1,6-galactanase (EC 3.2.1.164); β-1,3-mannanase (EC 3.2.1.-); arabinoxylan-specific endo-β-1,4-xylanase (EC 3.2.1.-); mannan transglycosylase (EC 2.4.1.-); lichenase / endo-β-1,3-1,4-glucanase (EC 3.2.1.73); β-glycosidase (EC 3.2.1.-); endo-β-1,3-glucanase / laminarinase (EC 3.2.1.39); β-N-acetylhexosaminidase (EC 3.2.1.52); chitosanase (EC 3.2.1.132); β-D-galactofuranosidase (EC 3.2.1.146); β-galactosylceramidase (EC 3.2.1.46); ; β-rutinosidase /α-L-rhamnose-(1,6)-β-D-glucosidase (EC 3.2.1.-); α-L-arabinofuranosidase (EC 3.2.1.55)"
GH62, α-L-arabinofuranosidase (EC 3.2.1.55)
CBM35," Modules of approx. 130 residues. A module that is conserved in three Cellvibrio xylan-degrading enzymes binds to xylan and the interaction is calcium dependent, while a module from a Cellvibrio mannanase binds to decorated soluble mannans and mannooligosaccharides. A module in a	Phanerochaete chrysosporium galactan 1,3-β-galactosidase binds to β-galactan."
CBM51," Modules of approx. 150 residues found attached to various enzymes from  families GH2, GH27, GH31, GH95, GH98 and GH101 . Binding to galactose and to blood group A/B-antigens demonstrated in the  case of C. perfringens GH95CBM51 and GH98CBM51 respectively [Gregg KJ et al. (2008) J. Biol. Chem. 283:12604-13 PMID: 18292090]. "
GH35," β-galactosidase (EC 3.2.1.23); exo-β-glucosaminidase (EC 3.2.1.165); exo-β-1,4-galactanase (EC 3.2.1.-); β-1,3-galactosidase (EC 3.2.1.-)"
CBM62," The CBM62 module of Clostridium thermocellum Cthe_2193 protein binds galactose moieties found on xyloglucan, arabinogalactan and galactomannan."
GH147, β-galactosidase (EC 3.2.1.23)
GH5_27," endo-β-1,4-glucanase / cellulase (EC 3.2.1.4); endo-β-1,4-xylanase (EC 3.2.1.8); β-glucosidase (EC 3.2.1.21); β-mannosidase (EC 3.2.1.25); β-glucosylceramidase (EC 3.2.1.45); glucan β-1,3-glucosidase (EC 3.2.1.58); exo-β-1,4-glucanase / cellodextrinase (EC 3.2.1.74); glucan endo-1,6-β-glucosidase (EC 3.2.1.75); mannan endo-β-1,4-mannosidase (EC 3.2.1.78); cellulose β-1,4-cellobiosidase (EC 3.2.1.91); steryl β-glucosidase (EC 3.2.1.104); endoglycoceramidase (EC 3.2.1.123); chitosanase (EC 3.2.1.132); β-primeverosidase (EC 3.2.1.149); xyloglucan-specific endo-β-1,4-glucanase (EC 3.2.1.151); endo-β-1,6-galactanase (EC 3.2.1.164); β-1,3-mannanase (EC 3.2.1.-); arabinoxylan-specific endo-β-1,4-xylanase (EC 3.2.1.-); mannan transglycosylase (EC 2.4.1.-); lichenase / endo-β-1,3-1,4-glucanase (EC 3.2.1.73); β-glycosidase (EC 3.2.1.-); endo-β-1,3-glucanase / laminarinase (EC 3.2.1.39); β-N-acetylhexosaminidase (EC 3.2.1.52); chitosanase (EC 3.2.1.132); β-D-galactofuranosidase (EC 3.2.1.146); β-galactosylceramidase (EC 3.2.1.46); ; β-rutinosidase /α-L-rhamnose-(1,6)-β-D-glucosidase (EC 3.2.1.-); α-L-arabinofuranosidase (EC 3.2.1.55)"
GH89, α-N-acetylglucosaminidase (EC 3.2.1.50)
GH115," xylan α-1,2-glucuronidase (3.2.1.131); α-(4-O-methyl)-glucuronidase (3.2.1.-)"
GH26," β-mannanase (EC 3.2.1.78); exo-β-1,4-mannobiohydrolase (EC 3.2.1.100); β-1,3-xylanase (EC 3.2.1.32); lichenase / endo-β-1,3-1,4-glucanase (EC 3.2.1.73); mannobiose-producing exo-β-mannanase (EC 3.2.1.-)"
GH53," endo-β-1,4-galactanase (EC 3.2.1.89)."
GH13," α-amylase (EC 3.2.1.1); pullulanase (EC 3.2.1.41); cyclomaltodextrin glucanotransferase (EC 2.4.1.19); cyclomaltodextrinase (EC 3.2.1.54); trehalose-6-phosphate hydrolase (EC 3.2.1.93); oligo-α-glucosidase (EC 3.2.1.10); maltogenic amylase (EC 3.2.1.133); neopullulanase (EC 3.2.1.135); α-glucosidase (EC 3.2.1.20); maltotetraose-forming α-amylase (EC 3.2.1.60); isoamylase (EC 3.2.1.68); glucodextranase (EC 3.2.1.70); maltohexaose-forming α-amylase (EC 3.2.1.98); maltotriose-forming α-amylase (EC 3.2.1.116); branching enzyme (EC 2.4.1.18); trehalose synthase (EC 5.4.99.16); 4-α-glucanotransferase (EC 2.4.1.25); maltopentaose-forming α-amylase (EC 3.2.1.-) ; amylosucrase (EC 2.4.1.4) ; sucrose phosphorylase (EC 2.4.1.7); malto-oligosyltrehalose trehalohydrolase (EC 3.2.1.141); isomaltulose synthase (EC 5.4.99.11); malto-oligosyltrehalose synthase (EC 5.4.99.15); amylo-α-1,6-glucosidase (EC 3.2.1.33); α-1,4-glucan: phosphate α-maltosyltransferase (EC 2.4.99.16); amino acid transporter; [retaining] sucrose 6(F)-phosphate phosphorylase (EC 2.4.1.329); [retaining] glucosylglycerol phosphorylase (EC 2.4.1.359); ; Glucosylglycerate phosphorylase (EC 2.4.1.352); [retaining] sucrose α-glucosidase (EC 3.2.1.48); oligosaccharide α-4-glucosyltransferase (EC 2.4.1.161)"
GH5," endo-β-1,4-glucanase / cellulase (EC 3.2.1.4); endo-β-1,4-xylanase (EC 3.2.1.8); β-glucosidase (EC 3.2.1.21); β-mannosidase (EC 3.2.1.25); β-glucosylceramidase (EC 3.2.1.45); glucan β-1,3-glucosidase (EC 3.2.1.58); exo-β-1,4-glucanase / cellodextrinase (EC 3.2.1.74); glucan endo-1,6-β-glucosidase (EC 3.2.1.75); mannan endo-β-1,4-mannosidase (EC 3.2.1.78); cellulose β-1,4-cellobiosidase (EC 3.2.1.91); steryl β-glucosidase (EC 3.2.1.104); endoglycoceramidase (EC 3.2.1.123); chitosanase (EC 3.2.1.132); β-primeverosidase (EC 3.2.1.149); xyloglucan-specific endo-β-1,4-glucanase (EC 3.2.1.151); endo-β-1,6-galactanase (EC 3.2.1.164); β-1,3-mannanase (EC 3.2.1.-); arabinoxylan-specific endo-β-1,4-xylanase (EC 3.2.1.-); mannan transglycosylase (EC 2.4.1.-); lichenase / endo-β-1,3-1,4-glucanase (EC 3.2.1.73); β-glycosidase (EC 3.2.1.-); endo-β-1,3-glucanase / laminarinase (EC 3.2.1.39); β-N-acetylhexosaminidase (EC 3.2.1.52); chitosanase (EC 3.2.1.132); β-D-galactofuranosidase (EC 3.2.1.146); β-galactosylceramidase (EC 3.2.1.46); ; β-rutinosidase /α-L-rhamnose-(1,6)-β-D-glucosidase (EC 3.2.1.-); α-L-arabinofuranosidase (EC 3.2.1.55)"
GH30_7," endo-β-1,4-xylanase (EC 3.2.1.8); β-glucosidase (3.2.1.21); β-glucuronidase (EC 3.2.1.31); β-xylosidase (EC 3.2.1.37); β-fucosidase (EC 3.2.1.38); glucosylceramidase (EC 3.2.1.45); β-1,6-glucanase (EC 3.2.1.75); glucuronoarabinoxylan endo-β-1,4-xylanase (EC 3.2.1.136); endo-β-1,6-galactanase (EC:3.2.1.164); [reducing end] β-xylosidase (EC 3.2.1.-)"
GH20," β-hexosaminidase (EC 3.2.1.52); lacto-N-biosidase (EC 3.2.1.140); β-1,6-N-acetylglucosaminidase (EC 3.2.1.-); β-6-SO3-N-acetylglucosaminidase (EC 3.2.1.-)"
CBM11," Modules of approx. 180-200 residues. The CBM11 of Clotridium thermocellum Cel26A-Cel5E has been shown to bind both β-1,4-glucan and β-1,3-1,4-mixed linked glucans."
CBM38, The inulin-binding function has been demonstrated in the case of the cycloinulo-oligosaccharide fructanotransferase from Paenibacillus macerans (Bacillus macerans) by Lee et al. (2004) FEMS Microbiol Lett 234:105-10. (PMID:15109727). 
