CAZyme,Cluster,Activity
AA12,fucose-CazC3, The pyrroloquinoline quinone-dependent oxidoreductase activity was demonstrated for the CC1G_09525 protein of Coprinopsis cinerea. 
AA12,xylose-CazC5, The pyrroloquinoline quinone-dependent oxidoreductase activity was demonstrated for the CC1G_09525 protein of Coprinopsis cinerea. 
AA2,fucose-CazC3, manganese peroxidase (EC 1.11.1.13); versatile peroxidase (EC 1.11.1.16); lignin peroxidase (EC 1.11.1.14); peroxidase (EC 1.11.1.-); cytochrome-c peroxidase (EC 1.11.1.5); ascorbate peroxidase (EC 1.11.1.11)
AA5_2,vanillic acid-CazC1, Oxidase with oxygen as acceptor (EC 1.1.3.-); galactose oxidase (EC 1.1.3.9); glyoxal oxidase (EC 1.2.3.15); alcohol oxidase (EC 1.1.3.13); raffinose oxidase (EC 1.1.3.-)
AA6,fucose-CazC6," 1,4-benzoquinone reductase (EC. 1.6.5.6)"
AA6,xylose-CazC10," 1,4-benzoquinone reductase (EC. 1.6.5.6)"
AA6,vanillic acid-CazC3," 1,4-benzoquinone reductase (EC. 1.6.5.6)"
AA6,hydroxybenzoic acid-CazC1," 1,4-benzoquinone reductase (EC. 1.6.5.6)"
CBM13,fucose-CazC1," Modules of approx. 150 residues which always appear as a threefold internal repeat. The only apparent exception to this, xylanase II of Actinomadura sp. FC7 (GenBank U08894), is in fact not completely sequenced. These modules were first identified in several plant lectins such as ricin or agglutinin of Ricinus communis which bind galactose residues. The three-dimensional structure of a plant lectin has been determined and displays a pseudo-threefold symmetry in accord with the observed sequence threefold repeat. These modules have since been found in a number of other proteins of various functions including glycoside hydrolases and glycosyltransferases. While in the plant lectins this module binds mannose, binding to xylan has been demonstrated in the Streptomyces lividans xylanase A and arabinofuranosidase B. Binding to GalNAc has been shown for the corresponding module of GalNAc transferase 4. For the other proteins, the binding specificity of these modules has not been established. The pseudo three-fold symmetry of the CBM13 module has now been confirmed in the 3-D structure of the intact, two-domain, xylanase of Streptomyces olivaceoviridis."
CBM13,xylose-CazC7," Modules of approx. 150 residues which always appear as a threefold internal repeat. The only apparent exception to this, xylanase II of Actinomadura sp. FC7 (GenBank U08894), is in fact not completely sequenced. These modules were first identified in several plant lectins such as ricin or agglutinin of Ricinus communis which bind galactose residues. The three-dimensional structure of a plant lectin has been determined and displays a pseudo-threefold symmetry in accord with the observed sequence threefold repeat. These modules have since been found in a number of other proteins of various functions including glycoside hydrolases and glycosyltransferases. While in the plant lectins this module binds mannose, binding to xylan has been demonstrated in the Streptomyces lividans xylanase A and arabinofuranosidase B. Binding to GalNAc has been shown for the corresponding module of GalNAc transferase 4. For the other proteins, the binding specificity of these modules has not been established. The pseudo three-fold symmetry of the CBM13 module has now been confirmed in the 3-D structure of the intact, two-domain, xylanase of Streptomyces olivaceoviridis."
CBM13,hydroxybenzoic acid-CazC3," Modules of approx. 150 residues which always appear as a threefold internal repeat. The only apparent exception to this, xylanase II of Actinomadura sp. FC7 (GenBank U08894), is in fact not completely sequenced. These modules were first identified in several plant lectins such as ricin or agglutinin of Ricinus communis which bind galactose residues. The three-dimensional structure of a plant lectin has been determined and displays a pseudo-threefold symmetry in accord with the observed sequence threefold repeat. These modules have since been found in a number of other proteins of various functions including glycoside hydrolases and glycosyltransferases. While in the plant lectins this module binds mannose, binding to xylan has been demonstrated in the Streptomyces lividans xylanase A and arabinofuranosidase B. Binding to GalNAc has been shown for the corresponding module of GalNAc transferase 4. For the other proteins, the binding specificity of these modules has not been established. The pseudo three-fold symmetry of the CBM13 module has now been confirmed in the 3-D structure of the intact, two-domain, xylanase of Streptomyces olivaceoviridis."
CBM2,fucose-CazC1, Modules of approx. 100 residues and which are found in a large number of bacterial enzymes. The cellulose-binding function has been demonstrated in many cases. Several of these modules have been shown to also bind chitin or xylan.
CBM2,xylose-CazC2, Modules of approx. 100 residues and which are found in a large number of bacterial enzymes. The cellulose-binding function has been demonstrated in many cases. Several of these modules have been shown to also bind chitin or xylan.
CBM2,vanillic acid-CazC1, Modules of approx. 100 residues and which are found in a large number of bacterial enzymes. The cellulose-binding function has been demonstrated in many cases. Several of these modules have been shown to also bind chitin or xylan.
CBM2,hydroxybenzoic acid-CazC4, Modules of approx. 100 residues and which are found in a large number of bacterial enzymes. The cellulose-binding function has been demonstrated in many cases. Several of these modules have been shown to also bind chitin or xylan.
CBM32,fucose-CazC4," Binding to galactose and lactose has been demonstrated for the module of Micromonospora viridifaciens sialidase (PMID: 16239725). Binding to polygalacturonic acid has been shown for a Yersinia member (PMID: 17292916). Binding to LacNAc (β-D-galactosyl-1,4-β-D-N-acetylglucosamine) has been shown for an N-acetylglucosaminidase from Clostridium perfingens (PMID: 16990278). "
CBM32,xylose-CazC8," Binding to galactose and lactose has been demonstrated for the module of Micromonospora viridifaciens sialidase (PMID: 16239725). Binding to polygalacturonic acid has been shown for a Yersinia member (PMID: 17292916). Binding to LacNAc (β-D-galactosyl-1,4-β-D-N-acetylglucosamine) has been shown for an N-acetylglucosaminidase from Clostridium perfingens (PMID: 16990278). "
CBM38,benzoic acid-CazC2, The inulin-binding function has been demonstrated in the case of the cycloinulo-oligosaccharide fructanotransferase from Paenibacillus macerans (Bacillus macerans) by Lee et al. (2004) FEMS Microbiol Lett 234:105-10. (PMID:15109727). 
CBM4.GH9,glucose-CazC2," endoglucanase (EC 3.2.1.4); endo-β-1,3(4)-glucanase / lichenase-laminarinase (EC 3.2.1.6);  β-glucosidase (EC 3.2.1.21); lichenase / endo-β-1,3-1,4-glucanase (EC 3.2.1.73); exo-β-1,4-glucanase / cellodextrinase (EC 3.2.1.74); cellobiohydrolase (EC 3.2.1.91); xyloglucan-specific endo-β-1,4-glucanase / endo-xyloglucanase (EC 3.2.1.151); exo-β-glucosaminidase (EC 3.2.1.165); Modules of approx. 150 residues found in bacterial enzymes. Binding of these modules has been demonstrated with xylan, β-1,3-glucan, β-1,3-1,4-glucan, β-1,6-glucan and amorphous cellulose but not with crystalline cellulose."
CBM4.GH9,xylose-CazC3," endoglucanase (EC 3.2.1.4); endo-β-1,3(4)-glucanase / lichenase-laminarinase (EC 3.2.1.6);  β-glucosidase (EC 3.2.1.21); lichenase / endo-β-1,3-1,4-glucanase (EC 3.2.1.73); exo-β-1,4-glucanase / cellodextrinase (EC 3.2.1.74); cellobiohydrolase (EC 3.2.1.91); xyloglucan-specific endo-β-1,4-glucanase / endo-xyloglucanase (EC 3.2.1.151); exo-β-glucosaminidase (EC 3.2.1.165); Modules of approx. 150 residues found in bacterial enzymes. Binding of these modules has been demonstrated with xylan, β-1,3-glucan, β-1,3-1,4-glucan, β-1,6-glucan and amorphous cellulose but not with crystalline cellulose."
CBM50,fucose-CazC2," Modules of approx. 50 residues found attached to various enzymes from families GH18, GH19, GH23, GH24, GH25 and GH73, i.e. enzymes cleaving either chitin or peptidoglycan. Binding to chitopentaose demonstrated in the case of Pteris ryukyuensis chitinase A [Ohnuma T et al. (2008) J. Biol. Chem. 283:5178-87 (PMID: 18083709)]. CBM50 modules are also found in a multitude of other enzymes targeting the petidoglycan such as peptidases and amidases. These enzymes are not reported in the list below."
CBM50,xylose-CazC5," Modules of approx. 50 residues found attached to various enzymes from families GH18, GH19, GH23, GH24, GH25 and GH73, i.e. enzymes cleaving either chitin or peptidoglycan. Binding to chitopentaose demonstrated in the case of Pteris ryukyuensis chitinase A [Ohnuma T et al. (2008) J. Biol. Chem. 283:5178-87 (PMID: 18083709)]. CBM50 modules are also found in a multitude of other enzymes targeting the petidoglycan such as peptidases and amidases. These enzymes are not reported in the list below."
CBM57,galactose-CazC1, Created from reading Schallus et al (2008) Mol Biol Cell. 19:3404-3414 [PMID: 18524852] and finding related domains attached to various glycosidases.
CBM57,hydroxybenzoic acid-CazC5, Created from reading Schallus et al (2008) Mol Biol Cell. 19:3404-3414 [PMID: 18524852] and finding related domains attached to various glycosidases.
CBM60,fucose-CazC1, Modules of approx 120 residues usually found appended to xylanases. The xylan-binding function and the relatedness (circular permutation) to family CBM36 has been demonstrated [PMID: 20659893].
CBM60,xylose-CazC2, Modules of approx 120 residues usually found appended to xylanases. The xylan-binding function and the relatedness (circular permutation) to family CBM36 has been demonstrated [PMID: 20659893].
CBM61,glucose-CazC2," Modules of approx. 150 residues found appended to GH16, GH30, GH31, GH43, GH53 and GH66 catalytic domains. A β-1,4-galactan binding function has been demonstrated for the CBM61 of Thermotoga maritima GH53 galactanase [PMID: 20826814]. "
CBM62,vanillic acid-CazC1," The CBM62 module of Clostridium thermocellum Cthe_2193 protein binds galactose moieties found on xyloglucan, arabinogalactan and galactomannan."
CBM67.GH78,fucose-CazC4," Fujimoto et al. [PMID : 23486481] disclosed the L-rhamnose binding activity and 3-D structure of the CBM67 of Streptomyces avermitilis α-L-rhamnosidase (SaRha78A); ; α-L-rhamnosidase (EC 3.2.1.40); rhamnogalacturonan α-L-rhamnohydrolase (EC 3.2.1.174); L-Rhap-α-1,3-D-Apif -specific α-1,3-L-rhamnosidase (EC 3.2.1.-)"
CBM67.GH78,xylose-CazC8," Fujimoto et al. [PMID : 23486481] disclosed the L-rhamnose binding activity and 3-D structure of the CBM67 of Streptomyces avermitilis α-L-rhamnosidase (SaRha78A); ; α-L-rhamnosidase (EC 3.2.1.40); rhamnogalacturonan α-L-rhamnohydrolase (EC 3.2.1.174); L-Rhap-α-1,3-D-Apif -specific α-1,3-L-rhamnosidase (EC 3.2.1.-)"
CBM68,fucose-CazC1," Binding to maltotriose and maltotetraose shown for the pullulanase of Anoxybacillus sp. LM18-11. Binding function derived from crystal structure and deletion of the CBM, which showed reduced specific activity and increased Km value compared to the wild type enzyme."
CBM68,xylose-CazC3," Binding to maltotriose and maltotetraose shown for the pullulanase of Anoxybacillus sp. LM18-11. Binding function derived from crystal structure and deletion of the CBM, which showed reduced specific activity and increased Km value compared to the wild type enzyme."
CBM68,vanillic acid-CazC1," Binding to maltotriose and maltotetraose shown for the pullulanase of Anoxybacillus sp. LM18-11. Binding function derived from crystal structure and deletion of the CBM, which showed reduced specific activity and increased Km value compared to the wild type enzyme."
CBM68,hydroxybenzoic acid-CazC2," Binding to maltotriose and maltotetraose shown for the pullulanase of Anoxybacillus sp. LM18-11. Binding function derived from crystal structure and deletion of the CBM, which showed reduced specific activity and increased Km value compared to the wild type enzyme."
CBM9,xylose-CazC4, Modules of approx. 170 residues found so far only in xylanases. The cellulose-binding function has been demonstrated in one case. 
GH0,fucose-CazC7, Glycoside hydrolases not yet assigned to a family. 
GH0,xylose-CazC9, Glycoside hydrolases not yet assigned to a family. 
GH0,vanillic acid-CazC4, Glycoside hydrolases not yet assigned to a family. 
GH1,glucose-CazC1," β-glucosidase (EC 3.2.1.21); β-galactosidase (EC 3.2.1.23); β-mannosidase (EC 3.2.1.25); β-glucuronidase (EC 3.2.1.31); β-xylosidase (EC 3.2.1.37); β-D-fucosidase (EC 3.2.1.38); phlorizin hydrolase (EC 3.2.1.62); exo-β-1,4-glucanase (EC 3.2.1.74); 6-phospho-β-galactosidase (EC 3.2.1.85); 6-phospho-β-glucosidase (EC 3.2.1.86); strictosidine β-glucosidase (EC 3.2.1.105); lactase (EC 3.2.1.108); amygdalin β-glucosidase (EC 3.2.1.117); prunasin β-glucosidase (EC 3.2.1.118); vicianin hydrolase (EC 3.2.1.119); raucaffricine β-glucosidase (EC 3.2.1.125); thioglucosidase (EC 3.2.1.147); β-primeverosidase (EC 3.2.1.149); isoflavonoid 7-O-β-apiosyl-β-glucosidase (EC 3.2.1.161); ABA-specific β-glucosidase (EC 3.2.1.175); DIMBOA β-glucosidase (EC 3.2.1.182); β-glycosidase (EC 3.2.1.-); hydroxyisourate hydrolase (EC 3.-.-.-); β-rutinosidase /α-L-rhamnose-(1,6)-β-D-glucosidase (EC 3.2.1.-)"
GH105,glucose-CazC3," unsaturated rhamnogalacturonyl hydrolase (EC 3.2.1.172); d-4,5-unsaturated β-glucuronyl hydrolase (EC 3.2.1.-); d-4,5-unsaturated α-galacturonidase (EC 3.2.1.-)"
GH113,glucose-CazC2, β-mannanase (EC 3.2.1.78)
GH114,glucose-CazC3," endo-α-1,4-polygalactosaminidase (EC 3.2.1.109)"
GH115,vanillic acid-CazC2," xylan α-1,2-glucuronidase (3.2.1.131); α-(4-O-methyl)-glucuronidase (3.2.1.-)"
GH128,fucose-CazC4," β-1,3-glucanase (EC 3.2.1.39)"
GH128,xylose-CazC7," β-1,3-glucanase (EC 3.2.1.39)"
GH129,fucose-CazC1, α-N-acetylgalactosaminidase (EC 3.2.1.49); 
GH13,vanillic acid-CazC3," α-amylase (EC 3.2.1.1); pullulanase (EC 3.2.1.41); cyclomaltodextrin glucanotransferase (EC 2.4.1.19); cyclomaltodextrinase (EC 3.2.1.54); trehalose-6-phosphate hydrolase (EC 3.2.1.93); oligo-α-glucosidase (EC 3.2.1.10); maltogenic amylase (EC 3.2.1.133); neopullulanase (EC 3.2.1.135); α-glucosidase (EC 3.2.1.20); maltotetraose-forming α-amylase (EC 3.2.1.60); isoamylase (EC 3.2.1.68); glucodextranase (EC 3.2.1.70); maltohexaose-forming α-amylase (EC 3.2.1.98); maltotriose-forming α-amylase (EC 3.2.1.116); branching enzyme (EC 2.4.1.18); trehalose synthase (EC 5.4.99.16); 4-α-glucanotransferase (EC 2.4.1.25); maltopentaose-forming α-amylase (EC 3.2.1.-) ; amylosucrase (EC 2.4.1.4) ; sucrose phosphorylase (EC 2.4.1.7); malto-oligosyltrehalose trehalohydrolase (EC 3.2.1.141); isomaltulose synthase (EC 5.4.99.11); malto-oligosyltrehalose synthase (EC 5.4.99.15); amylo-α-1,6-glucosidase (EC 3.2.1.33); α-1,4-glucan: phosphate α-maltosyltransferase (EC 2.4.99.16); amino acid transporter; [retaining] sucrose 6(F)-phosphate phosphorylase (EC 2.4.1.329); [retaining] glucosylglycerol phosphorylase (EC 2.4.1.359); ; Glucosylglycerate phosphorylase (EC 2.4.1.352); [retaining] sucrose α-glucosidase (EC 3.2.1.48); oligosaccharide α-4-glucosyltransferase (EC 2.4.1.161)"
GH130,glucose-CazC1," β-1,4-mannosylglucose phosphorylase (EC 2.4.1.281); β-1,4-mannooligosaccharide phosphorylase (EC 2.4.1.319); β-1,4-mannosyl-N-acetyl-glucosamine phosphorylase (EC 2.4.1.320); β-1,2-mannobiose phosphorylase (EC 2.4.1.-); β-1,2-oligomannan phosphorylase (EC 2.4.1.-); β-1,2-mannosidase (EC 3.2.1.-)"
GH130,fucose-CazC6," β-1,4-mannosylglucose phosphorylase (EC 2.4.1.281); β-1,4-mannooligosaccharide phosphorylase (EC 2.4.1.319); β-1,4-mannosyl-N-acetyl-glucosamine phosphorylase (EC 2.4.1.320); β-1,2-mannobiose phosphorylase (EC 2.4.1.-); β-1,2-oligomannan phosphorylase (EC 2.4.1.-); β-1,2-mannosidase (EC 3.2.1.-)"
GH130,xylose-CazC10," β-1,4-mannosylglucose phosphorylase (EC 2.4.1.281); β-1,4-mannooligosaccharide phosphorylase (EC 2.4.1.319); β-1,4-mannosyl-N-acetyl-glucosamine phosphorylase (EC 2.4.1.320); β-1,2-mannobiose phosphorylase (EC 2.4.1.-); β-1,2-oligomannan phosphorylase (EC 2.4.1.-); β-1,2-mannosidase (EC 3.2.1.-)"
GH130,vanillic acid-CazC3," β-1,4-mannosylglucose phosphorylase (EC 2.4.1.281); β-1,4-mannooligosaccharide phosphorylase (EC 2.4.1.319); β-1,4-mannosyl-N-acetyl-glucosamine phosphorylase (EC 2.4.1.320); β-1,2-mannobiose phosphorylase (EC 2.4.1.-); β-1,2-oligomannan phosphorylase (EC 2.4.1.-); β-1,2-mannosidase (EC 3.2.1.-)"
GH130,hydroxybenzoic acid-CazC1," β-1,4-mannosylglucose phosphorylase (EC 2.4.1.281); β-1,4-mannooligosaccharide phosphorylase (EC 2.4.1.319); β-1,4-mannosyl-N-acetyl-glucosamine phosphorylase (EC 2.4.1.320); β-1,2-mannobiose phosphorylase (EC 2.4.1.-); β-1,2-oligomannan phosphorylase (EC 2.4.1.-); β-1,2-mannosidase (EC 3.2.1.-)"
GH133,fucose-CazC6," amylo-α-1,6-glucosidase (EC 3.2.1.33); "
GH133,xylose-CazC10," amylo-α-1,6-glucosidase (EC 3.2.1.33); "
GH135,fucose-CazC1," α-1,4-galactosaminogalactan hydrolase (EC 3.2.1.-)"
GH135,xylose-CazC3," α-1,4-galactosaminogalactan hydrolase (EC 3.2.1.-)"
GH136,glucose-CazC2, lacto-N-biosidase (EC 3.2.1.140)
GH13_10,fucose-CazC6," α-amylase (EC 3.2.1.1); pullulanase (EC 3.2.1.41); cyclomaltodextrin glucanotransferase (EC 2.4.1.19); cyclomaltodextrinase (EC 3.2.1.54); trehalose-6-phosphate hydrolase (EC 3.2.1.93); oligo-α-glucosidase (EC 3.2.1.10); maltogenic amylase (EC 3.2.1.133); neopullulanase (EC 3.2.1.135); α-glucosidase (EC 3.2.1.20); maltotetraose-forming α-amylase (EC 3.2.1.60); isoamylase (EC 3.2.1.68); glucodextranase (EC 3.2.1.70); maltohexaose-forming α-amylase (EC 3.2.1.98); maltotriose-forming α-amylase (EC 3.2.1.116); branching enzyme (EC 2.4.1.18); trehalose synthase (EC 5.4.99.16); 4-α-glucanotransferase (EC 2.4.1.25); maltopentaose-forming α-amylase (EC 3.2.1.-) ; amylosucrase (EC 2.4.1.4) ; sucrose phosphorylase (EC 2.4.1.7); malto-oligosyltrehalose trehalohydrolase (EC 3.2.1.141); isomaltulose synthase (EC 5.4.99.11); malto-oligosyltrehalose synthase (EC 5.4.99.15); amylo-α-1,6-glucosidase (EC 3.2.1.33); α-1,4-glucan: phosphate α-maltosyltransferase (EC 2.4.99.16); amino acid transporter; [retaining] sucrose 6(F)-phosphate phosphorylase (EC 2.4.1.329); [retaining] glucosylglycerol phosphorylase (EC 2.4.1.359); ; Glucosylglycerate phosphorylase (EC 2.4.1.352); [retaining] sucrose α-glucosidase (EC 3.2.1.48); oligosaccharide α-4-glucosyltransferase (EC 2.4.1.161)"
GH13_10,xylose-CazC10," α-amylase (EC 3.2.1.1); pullulanase (EC 3.2.1.41); cyclomaltodextrin glucanotransferase (EC 2.4.1.19); cyclomaltodextrinase (EC 3.2.1.54); trehalose-6-phosphate hydrolase (EC 3.2.1.93); oligo-α-glucosidase (EC 3.2.1.10); maltogenic amylase (EC 3.2.1.133); neopullulanase (EC 3.2.1.135); α-glucosidase (EC 3.2.1.20); maltotetraose-forming α-amylase (EC 3.2.1.60); isoamylase (EC 3.2.1.68); glucodextranase (EC 3.2.1.70); maltohexaose-forming α-amylase (EC 3.2.1.98); maltotriose-forming α-amylase (EC 3.2.1.116); branching enzyme (EC 2.4.1.18); trehalose synthase (EC 5.4.99.16); 4-α-glucanotransferase (EC 2.4.1.25); maltopentaose-forming α-amylase (EC 3.2.1.-) ; amylosucrase (EC 2.4.1.4) ; sucrose phosphorylase (EC 2.4.1.7); malto-oligosyltrehalose trehalohydrolase (EC 3.2.1.141); isomaltulose synthase (EC 5.4.99.11); malto-oligosyltrehalose synthase (EC 5.4.99.15); amylo-α-1,6-glucosidase (EC 3.2.1.33); α-1,4-glucan: phosphate α-maltosyltransferase (EC 2.4.99.16); amino acid transporter; [retaining] sucrose 6(F)-phosphate phosphorylase (EC 2.4.1.329); [retaining] glucosylglycerol phosphorylase (EC 2.4.1.359); ; Glucosylglycerate phosphorylase (EC 2.4.1.352); [retaining] sucrose α-glucosidase (EC 3.2.1.48); oligosaccharide α-4-glucosyltransferase (EC 2.4.1.161)"
GH13_11,xylose-CazC10," α-amylase (EC 3.2.1.1); pullulanase (EC 3.2.1.41); cyclomaltodextrin glucanotransferase (EC 2.4.1.19); cyclomaltodextrinase (EC 3.2.1.54); trehalose-6-phosphate hydrolase (EC 3.2.1.93); oligo-α-glucosidase (EC 3.2.1.10); maltogenic amylase (EC 3.2.1.133); neopullulanase (EC 3.2.1.135); α-glucosidase (EC 3.2.1.20); maltotetraose-forming α-amylase (EC 3.2.1.60); isoamylase (EC 3.2.1.68); glucodextranase (EC 3.2.1.70); maltohexaose-forming α-amylase (EC 3.2.1.98); maltotriose-forming α-amylase (EC 3.2.1.116); branching enzyme (EC 2.4.1.18); trehalose synthase (EC 5.4.99.16); 4-α-glucanotransferase (EC 2.4.1.25); maltopentaose-forming α-amylase (EC 3.2.1.-) ; amylosucrase (EC 2.4.1.4) ; sucrose phosphorylase (EC 2.4.1.7); malto-oligosyltrehalose trehalohydrolase (EC 3.2.1.141); isomaltulose synthase (EC 5.4.99.11); malto-oligosyltrehalose synthase (EC 5.4.99.15); amylo-α-1,6-glucosidase (EC 3.2.1.33); α-1,4-glucan: phosphate α-maltosyltransferase (EC 2.4.99.16); amino acid transporter; [retaining] sucrose 6(F)-phosphate phosphorylase (EC 2.4.1.329); [retaining] glucosylglycerol phosphorylase (EC 2.4.1.359); ; Glucosylglycerate phosphorylase (EC 2.4.1.352); [retaining] sucrose α-glucosidase (EC 3.2.1.48); oligosaccharide α-4-glucosyltransferase (EC 2.4.1.161)"
GH13_11,vanillic acid-CazC4," α-amylase (EC 3.2.1.1); pullulanase (EC 3.2.1.41); cyclomaltodextrin glucanotransferase (EC 2.4.1.19); cyclomaltodextrinase (EC 3.2.1.54); trehalose-6-phosphate hydrolase (EC 3.2.1.93); oligo-α-glucosidase (EC 3.2.1.10); maltogenic amylase (EC 3.2.1.133); neopullulanase (EC 3.2.1.135); α-glucosidase (EC 3.2.1.20); maltotetraose-forming α-amylase (EC 3.2.1.60); isoamylase (EC 3.2.1.68); glucodextranase (EC 3.2.1.70); maltohexaose-forming α-amylase (EC 3.2.1.98); maltotriose-forming α-amylase (EC 3.2.1.116); branching enzyme (EC 2.4.1.18); trehalose synthase (EC 5.4.99.16); 4-α-glucanotransferase (EC 2.4.1.25); maltopentaose-forming α-amylase (EC 3.2.1.-) ; amylosucrase (EC 2.4.1.4) ; sucrose phosphorylase (EC 2.4.1.7); malto-oligosyltrehalose trehalohydrolase (EC 3.2.1.141); isomaltulose synthase (EC 5.4.99.11); malto-oligosyltrehalose synthase (EC 5.4.99.15); amylo-α-1,6-glucosidase (EC 3.2.1.33); α-1,4-glucan: phosphate α-maltosyltransferase (EC 2.4.99.16); amino acid transporter; [retaining] sucrose 6(F)-phosphate phosphorylase (EC 2.4.1.329); [retaining] glucosylglycerol phosphorylase (EC 2.4.1.359); ; Glucosylglycerate phosphorylase (EC 2.4.1.352); [retaining] sucrose α-glucosidase (EC 3.2.1.48); oligosaccharide α-4-glucosyltransferase (EC 2.4.1.161)"
GH13_11,hydroxybenzoic acid-CazC1," α-amylase (EC 3.2.1.1); pullulanase (EC 3.2.1.41); cyclomaltodextrin glucanotransferase (EC 2.4.1.19); cyclomaltodextrinase (EC 3.2.1.54); trehalose-6-phosphate hydrolase (EC 3.2.1.93); oligo-α-glucosidase (EC 3.2.1.10); maltogenic amylase (EC 3.2.1.133); neopullulanase (EC 3.2.1.135); α-glucosidase (EC 3.2.1.20); maltotetraose-forming α-amylase (EC 3.2.1.60); isoamylase (EC 3.2.1.68); glucodextranase (EC 3.2.1.70); maltohexaose-forming α-amylase (EC 3.2.1.98); maltotriose-forming α-amylase (EC 3.2.1.116); branching enzyme (EC 2.4.1.18); trehalose synthase (EC 5.4.99.16); 4-α-glucanotransferase (EC 2.4.1.25); maltopentaose-forming α-amylase (EC 3.2.1.-) ; amylosucrase (EC 2.4.1.4) ; sucrose phosphorylase (EC 2.4.1.7); malto-oligosyltrehalose trehalohydrolase (EC 3.2.1.141); isomaltulose synthase (EC 5.4.99.11); malto-oligosyltrehalose synthase (EC 5.4.99.15); amylo-α-1,6-glucosidase (EC 3.2.1.33); α-1,4-glucan: phosphate α-maltosyltransferase (EC 2.4.99.16); amino acid transporter; [retaining] sucrose 6(F)-phosphate phosphorylase (EC 2.4.1.329); [retaining] glucosylglycerol phosphorylase (EC 2.4.1.359); ; Glucosylglycerate phosphorylase (EC 2.4.1.352); [retaining] sucrose α-glucosidase (EC 3.2.1.48); oligosaccharide α-4-glucosyltransferase (EC 2.4.1.161)"
GH13_17,glucose-CazC2," α-amylase (EC 3.2.1.1); pullulanase (EC 3.2.1.41); cyclomaltodextrin glucanotransferase (EC 2.4.1.19); cyclomaltodextrinase (EC 3.2.1.54); trehalose-6-phosphate hydrolase (EC 3.2.1.93); oligo-α-glucosidase (EC 3.2.1.10); maltogenic amylase (EC 3.2.1.133); neopullulanase (EC 3.2.1.135); α-glucosidase (EC 3.2.1.20); maltotetraose-forming α-amylase (EC 3.2.1.60); isoamylase (EC 3.2.1.68); glucodextranase (EC 3.2.1.70); maltohexaose-forming α-amylase (EC 3.2.1.98); maltotriose-forming α-amylase (EC 3.2.1.116); branching enzyme (EC 2.4.1.18); trehalose synthase (EC 5.4.99.16); 4-α-glucanotransferase (EC 2.4.1.25); maltopentaose-forming α-amylase (EC 3.2.1.-) ; amylosucrase (EC 2.4.1.4) ; sucrose phosphorylase (EC 2.4.1.7); malto-oligosyltrehalose trehalohydrolase (EC 3.2.1.141); isomaltulose synthase (EC 5.4.99.11); malto-oligosyltrehalose synthase (EC 5.4.99.15); amylo-α-1,6-glucosidase (EC 3.2.1.33); α-1,4-glucan: phosphate α-maltosyltransferase (EC 2.4.99.16); amino acid transporter; [retaining] sucrose 6(F)-phosphate phosphorylase (EC 2.4.1.329); [retaining] glucosylglycerol phosphorylase (EC 2.4.1.359); ; Glucosylglycerate phosphorylase (EC 2.4.1.352); [retaining] sucrose α-glucosidase (EC 3.2.1.48); oligosaccharide α-4-glucosyltransferase (EC 2.4.1.161)"
GH13_18,fucose-CazC4," α-amylase (EC 3.2.1.1); pullulanase (EC 3.2.1.41); cyclomaltodextrin glucanotransferase (EC 2.4.1.19); cyclomaltodextrinase (EC 3.2.1.54); trehalose-6-phosphate hydrolase (EC 3.2.1.93); oligo-α-glucosidase (EC 3.2.1.10); maltogenic amylase (EC 3.2.1.133); neopullulanase (EC 3.2.1.135); α-glucosidase (EC 3.2.1.20); maltotetraose-forming α-amylase (EC 3.2.1.60); isoamylase (EC 3.2.1.68); glucodextranase (EC 3.2.1.70); maltohexaose-forming α-amylase (EC 3.2.1.98); maltotriose-forming α-amylase (EC 3.2.1.116); branching enzyme (EC 2.4.1.18); trehalose synthase (EC 5.4.99.16); 4-α-glucanotransferase (EC 2.4.1.25); maltopentaose-forming α-amylase (EC 3.2.1.-) ; amylosucrase (EC 2.4.1.4) ; sucrose phosphorylase (EC 2.4.1.7); malto-oligosyltrehalose trehalohydrolase (EC 3.2.1.141); isomaltulose synthase (EC 5.4.99.11); malto-oligosyltrehalose synthase (EC 5.4.99.15); amylo-α-1,6-glucosidase (EC 3.2.1.33); α-1,4-glucan: phosphate α-maltosyltransferase (EC 2.4.99.16); amino acid transporter; [retaining] sucrose 6(F)-phosphate phosphorylase (EC 2.4.1.329); [retaining] glucosylglycerol phosphorylase (EC 2.4.1.359); ; Glucosylglycerate phosphorylase (EC 2.4.1.352); [retaining] sucrose α-glucosidase (EC 3.2.1.48); oligosaccharide α-4-glucosyltransferase (EC 2.4.1.161)"
GH13_18,xylose-CazC8," α-amylase (EC 3.2.1.1); pullulanase (EC 3.2.1.41); cyclomaltodextrin glucanotransferase (EC 2.4.1.19); cyclomaltodextrinase (EC 3.2.1.54); trehalose-6-phosphate hydrolase (EC 3.2.1.93); oligo-α-glucosidase (EC 3.2.1.10); maltogenic amylase (EC 3.2.1.133); neopullulanase (EC 3.2.1.135); α-glucosidase (EC 3.2.1.20); maltotetraose-forming α-amylase (EC 3.2.1.60); isoamylase (EC 3.2.1.68); glucodextranase (EC 3.2.1.70); maltohexaose-forming α-amylase (EC 3.2.1.98); maltotriose-forming α-amylase (EC 3.2.1.116); branching enzyme (EC 2.4.1.18); trehalose synthase (EC 5.4.99.16); 4-α-glucanotransferase (EC 2.4.1.25); maltopentaose-forming α-amylase (EC 3.2.1.-) ; amylosucrase (EC 2.4.1.4) ; sucrose phosphorylase (EC 2.4.1.7); malto-oligosyltrehalose trehalohydrolase (EC 3.2.1.141); isomaltulose synthase (EC 5.4.99.11); malto-oligosyltrehalose synthase (EC 5.4.99.15); amylo-α-1,6-glucosidase (EC 3.2.1.33); α-1,4-glucan: phosphate α-maltosyltransferase (EC 2.4.99.16); amino acid transporter; [retaining] sucrose 6(F)-phosphate phosphorylase (EC 2.4.1.329); [retaining] glucosylglycerol phosphorylase (EC 2.4.1.359); ; Glucosylglycerate phosphorylase (EC 2.4.1.352); [retaining] sucrose α-glucosidase (EC 3.2.1.48); oligosaccharide α-4-glucosyltransferase (EC 2.4.1.161)"
GH13_24,xylose-CazC2," α-amylase (EC 3.2.1.1); pullulanase (EC 3.2.1.41); cyclomaltodextrin glucanotransferase (EC 2.4.1.19); cyclomaltodextrinase (EC 3.2.1.54); trehalose-6-phosphate hydrolase (EC 3.2.1.93); oligo-α-glucosidase (EC 3.2.1.10); maltogenic amylase (EC 3.2.1.133); neopullulanase (EC 3.2.1.135); α-glucosidase (EC 3.2.1.20); maltotetraose-forming α-amylase (EC 3.2.1.60); isoamylase (EC 3.2.1.68); glucodextranase (EC 3.2.1.70); maltohexaose-forming α-amylase (EC 3.2.1.98); maltotriose-forming α-amylase (EC 3.2.1.116); branching enzyme (EC 2.4.1.18); trehalose synthase (EC 5.4.99.16); 4-α-glucanotransferase (EC 2.4.1.25); maltopentaose-forming α-amylase (EC 3.2.1.-) ; amylosucrase (EC 2.4.1.4) ; sucrose phosphorylase (EC 2.4.1.7); malto-oligosyltrehalose trehalohydrolase (EC 3.2.1.141); isomaltulose synthase (EC 5.4.99.11); malto-oligosyltrehalose synthase (EC 5.4.99.15); amylo-α-1,6-glucosidase (EC 3.2.1.33); α-1,4-glucan: phosphate α-maltosyltransferase (EC 2.4.99.16); amino acid transporter; [retaining] sucrose 6(F)-phosphate phosphorylase (EC 2.4.1.329); [retaining] glucosylglycerol phosphorylase (EC 2.4.1.359); ; Glucosylglycerate phosphorylase (EC 2.4.1.352); [retaining] sucrose α-glucosidase (EC 3.2.1.48); oligosaccharide α-4-glucosyltransferase (EC 2.4.1.161)"
GH13_3,xylose-CazC10," α-amylase (EC 3.2.1.1); pullulanase (EC 3.2.1.41); cyclomaltodextrin glucanotransferase (EC 2.4.1.19); cyclomaltodextrinase (EC 3.2.1.54); trehalose-6-phosphate hydrolase (EC 3.2.1.93); oligo-α-glucosidase (EC 3.2.1.10); maltogenic amylase (EC 3.2.1.133); neopullulanase (EC 3.2.1.135); α-glucosidase (EC 3.2.1.20); maltotetraose-forming α-amylase (EC 3.2.1.60); isoamylase (EC 3.2.1.68); glucodextranase (EC 3.2.1.70); maltohexaose-forming α-amylase (EC 3.2.1.98); maltotriose-forming α-amylase (EC 3.2.1.116); branching enzyme (EC 2.4.1.18); trehalose synthase (EC 5.4.99.16); 4-α-glucanotransferase (EC 2.4.1.25); maltopentaose-forming α-amylase (EC 3.2.1.-) ; amylosucrase (EC 2.4.1.4) ; sucrose phosphorylase (EC 2.4.1.7); malto-oligosyltrehalose trehalohydrolase (EC 3.2.1.141); isomaltulose synthase (EC 5.4.99.11); malto-oligosyltrehalose synthase (EC 5.4.99.15); amylo-α-1,6-glucosidase (EC 3.2.1.33); α-1,4-glucan: phosphate α-maltosyltransferase (EC 2.4.99.16); amino acid transporter; [retaining] sucrose 6(F)-phosphate phosphorylase (EC 2.4.1.329); [retaining] glucosylglycerol phosphorylase (EC 2.4.1.359); ; Glucosylglycerate phosphorylase (EC 2.4.1.352); [retaining] sucrose α-glucosidase (EC 3.2.1.48); oligosaccharide α-4-glucosyltransferase (EC 2.4.1.161)"
GH13_33,fucose-CazC4," α-amylase (EC 3.2.1.1); pullulanase (EC 3.2.1.41); cyclomaltodextrin glucanotransferase (EC 2.4.1.19); cyclomaltodextrinase (EC 3.2.1.54); trehalose-6-phosphate hydrolase (EC 3.2.1.93); oligo-α-glucosidase (EC 3.2.1.10); maltogenic amylase (EC 3.2.1.133); neopullulanase (EC 3.2.1.135); α-glucosidase (EC 3.2.1.20); maltotetraose-forming α-amylase (EC 3.2.1.60); isoamylase (EC 3.2.1.68); glucodextranase (EC 3.2.1.70); maltohexaose-forming α-amylase (EC 3.2.1.98); maltotriose-forming α-amylase (EC 3.2.1.116); branching enzyme (EC 2.4.1.18); trehalose synthase (EC 5.4.99.16); 4-α-glucanotransferase (EC 2.4.1.25); maltopentaose-forming α-amylase (EC 3.2.1.-) ; amylosucrase (EC 2.4.1.4) ; sucrose phosphorylase (EC 2.4.1.7); malto-oligosyltrehalose trehalohydrolase (EC 3.2.1.141); isomaltulose synthase (EC 5.4.99.11); malto-oligosyltrehalose synthase (EC 5.4.99.15); amylo-α-1,6-glucosidase (EC 3.2.1.33); α-1,4-glucan: phosphate α-maltosyltransferase (EC 2.4.99.16); amino acid transporter; [retaining] sucrose 6(F)-phosphate phosphorylase (EC 2.4.1.329); [retaining] glucosylglycerol phosphorylase (EC 2.4.1.359); ; Glucosylglycerate phosphorylase (EC 2.4.1.352); [retaining] sucrose α-glucosidase (EC 3.2.1.48); oligosaccharide α-4-glucosyltransferase (EC 2.4.1.161)"
GH13_33,xylose-CazC7," α-amylase (EC 3.2.1.1); pullulanase (EC 3.2.1.41); cyclomaltodextrin glucanotransferase (EC 2.4.1.19); cyclomaltodextrinase (EC 3.2.1.54); trehalose-6-phosphate hydrolase (EC 3.2.1.93); oligo-α-glucosidase (EC 3.2.1.10); maltogenic amylase (EC 3.2.1.133); neopullulanase (EC 3.2.1.135); α-glucosidase (EC 3.2.1.20); maltotetraose-forming α-amylase (EC 3.2.1.60); isoamylase (EC 3.2.1.68); glucodextranase (EC 3.2.1.70); maltohexaose-forming α-amylase (EC 3.2.1.98); maltotriose-forming α-amylase (EC 3.2.1.116); branching enzyme (EC 2.4.1.18); trehalose synthase (EC 5.4.99.16); 4-α-glucanotransferase (EC 2.4.1.25); maltopentaose-forming α-amylase (EC 3.2.1.-) ; amylosucrase (EC 2.4.1.4) ; sucrose phosphorylase (EC 2.4.1.7); malto-oligosyltrehalose trehalohydrolase (EC 3.2.1.141); isomaltulose synthase (EC 5.4.99.11); malto-oligosyltrehalose synthase (EC 5.4.99.15); amylo-α-1,6-glucosidase (EC 3.2.1.33); α-1,4-glucan: phosphate α-maltosyltransferase (EC 2.4.99.16); amino acid transporter; [retaining] sucrose 6(F)-phosphate phosphorylase (EC 2.4.1.329); [retaining] glucosylglycerol phosphorylase (EC 2.4.1.359); ; Glucosylglycerate phosphorylase (EC 2.4.1.352); [retaining] sucrose α-glucosidase (EC 3.2.1.48); oligosaccharide α-4-glucosyltransferase (EC 2.4.1.161)"
GH13_40,fucose-CazC1," α-amylase (EC 3.2.1.1); pullulanase (EC 3.2.1.41); cyclomaltodextrin glucanotransferase (EC 2.4.1.19); cyclomaltodextrinase (EC 3.2.1.54); trehalose-6-phosphate hydrolase (EC 3.2.1.93); oligo-α-glucosidase (EC 3.2.1.10); maltogenic amylase (EC 3.2.1.133); neopullulanase (EC 3.2.1.135); α-glucosidase (EC 3.2.1.20); maltotetraose-forming α-amylase (EC 3.2.1.60); isoamylase (EC 3.2.1.68); glucodextranase (EC 3.2.1.70); maltohexaose-forming α-amylase (EC 3.2.1.98); maltotriose-forming α-amylase (EC 3.2.1.116); branching enzyme (EC 2.4.1.18); trehalose synthase (EC 5.4.99.16); 4-α-glucanotransferase (EC 2.4.1.25); maltopentaose-forming α-amylase (EC 3.2.1.-) ; amylosucrase (EC 2.4.1.4) ; sucrose phosphorylase (EC 2.4.1.7); malto-oligosyltrehalose trehalohydrolase (EC 3.2.1.141); isomaltulose synthase (EC 5.4.99.11); malto-oligosyltrehalose synthase (EC 5.4.99.15); amylo-α-1,6-glucosidase (EC 3.2.1.33); α-1,4-glucan: phosphate α-maltosyltransferase (EC 2.4.99.16); amino acid transporter; [retaining] sucrose 6(F)-phosphate phosphorylase (EC 2.4.1.329); [retaining] glucosylglycerol phosphorylase (EC 2.4.1.359); ; Glucosylglycerate phosphorylase (EC 2.4.1.352); [retaining] sucrose α-glucosidase (EC 3.2.1.48); oligosaccharide α-4-glucosyltransferase (EC 2.4.1.161)"
GH13_40,xylose-CazC3," α-amylase (EC 3.2.1.1); pullulanase (EC 3.2.1.41); cyclomaltodextrin glucanotransferase (EC 2.4.1.19); cyclomaltodextrinase (EC 3.2.1.54); trehalose-6-phosphate hydrolase (EC 3.2.1.93); oligo-α-glucosidase (EC 3.2.1.10); maltogenic amylase (EC 3.2.1.133); neopullulanase (EC 3.2.1.135); α-glucosidase (EC 3.2.1.20); maltotetraose-forming α-amylase (EC 3.2.1.60); isoamylase (EC 3.2.1.68); glucodextranase (EC 3.2.1.70); maltohexaose-forming α-amylase (EC 3.2.1.98); maltotriose-forming α-amylase (EC 3.2.1.116); branching enzyme (EC 2.4.1.18); trehalose synthase (EC 5.4.99.16); 4-α-glucanotransferase (EC 2.4.1.25); maltopentaose-forming α-amylase (EC 3.2.1.-) ; amylosucrase (EC 2.4.1.4) ; sucrose phosphorylase (EC 2.4.1.7); malto-oligosyltrehalose trehalohydrolase (EC 3.2.1.141); isomaltulose synthase (EC 5.4.99.11); malto-oligosyltrehalose synthase (EC 5.4.99.15); amylo-α-1,6-glucosidase (EC 3.2.1.33); α-1,4-glucan: phosphate α-maltosyltransferase (EC 2.4.99.16); amino acid transporter; [retaining] sucrose 6(F)-phosphate phosphorylase (EC 2.4.1.329); [retaining] glucosylglycerol phosphorylase (EC 2.4.1.359); ; Glucosylglycerate phosphorylase (EC 2.4.1.352); [retaining] sucrose α-glucosidase (EC 3.2.1.48); oligosaccharide α-4-glucosyltransferase (EC 2.4.1.161)"
GH13_40,vanillic acid-CazC1," α-amylase (EC 3.2.1.1); pullulanase (EC 3.2.1.41); cyclomaltodextrin glucanotransferase (EC 2.4.1.19); cyclomaltodextrinase (EC 3.2.1.54); trehalose-6-phosphate hydrolase (EC 3.2.1.93); oligo-α-glucosidase (EC 3.2.1.10); maltogenic amylase (EC 3.2.1.133); neopullulanase (EC 3.2.1.135); α-glucosidase (EC 3.2.1.20); maltotetraose-forming α-amylase (EC 3.2.1.60); isoamylase (EC 3.2.1.68); glucodextranase (EC 3.2.1.70); maltohexaose-forming α-amylase (EC 3.2.1.98); maltotriose-forming α-amylase (EC 3.2.1.116); branching enzyme (EC 2.4.1.18); trehalose synthase (EC 5.4.99.16); 4-α-glucanotransferase (EC 2.4.1.25); maltopentaose-forming α-amylase (EC 3.2.1.-) ; amylosucrase (EC 2.4.1.4) ; sucrose phosphorylase (EC 2.4.1.7); malto-oligosyltrehalose trehalohydrolase (EC 3.2.1.141); isomaltulose synthase (EC 5.4.99.11); malto-oligosyltrehalose synthase (EC 5.4.99.15); amylo-α-1,6-glucosidase (EC 3.2.1.33); α-1,4-glucan: phosphate α-maltosyltransferase (EC 2.4.99.16); amino acid transporter; [retaining] sucrose 6(F)-phosphate phosphorylase (EC 2.4.1.329); [retaining] glucosylglycerol phosphorylase (EC 2.4.1.359); ; Glucosylglycerate phosphorylase (EC 2.4.1.352); [retaining] sucrose α-glucosidase (EC 3.2.1.48); oligosaccharide α-4-glucosyltransferase (EC 2.4.1.161)"
GH13_6,fucose-CazC1," α-amylase (EC 3.2.1.1); pullulanase (EC 3.2.1.41); cyclomaltodextrin glucanotransferase (EC 2.4.1.19); cyclomaltodextrinase (EC 3.2.1.54); trehalose-6-phosphate hydrolase (EC 3.2.1.93); oligo-α-glucosidase (EC 3.2.1.10); maltogenic amylase (EC 3.2.1.133); neopullulanase (EC 3.2.1.135); α-glucosidase (EC 3.2.1.20); maltotetraose-forming α-amylase (EC 3.2.1.60); isoamylase (EC 3.2.1.68); glucodextranase (EC 3.2.1.70); maltohexaose-forming α-amylase (EC 3.2.1.98); maltotriose-forming α-amylase (EC 3.2.1.116); branching enzyme (EC 2.4.1.18); trehalose synthase (EC 5.4.99.16); 4-α-glucanotransferase (EC 2.4.1.25); maltopentaose-forming α-amylase (EC 3.2.1.-) ; amylosucrase (EC 2.4.1.4) ; sucrose phosphorylase (EC 2.4.1.7); malto-oligosyltrehalose trehalohydrolase (EC 3.2.1.141); isomaltulose synthase (EC 5.4.99.11); malto-oligosyltrehalose synthase (EC 5.4.99.15); amylo-α-1,6-glucosidase (EC 3.2.1.33); α-1,4-glucan: phosphate α-maltosyltransferase (EC 2.4.99.16); amino acid transporter; [retaining] sucrose 6(F)-phosphate phosphorylase (EC 2.4.1.329); [retaining] glucosylglycerol phosphorylase (EC 2.4.1.359); ; Glucosylglycerate phosphorylase (EC 2.4.1.352); [retaining] sucrose α-glucosidase (EC 3.2.1.48); oligosaccharide α-4-glucosyltransferase (EC 2.4.1.161)"
GH13_6,xylose-CazC3," α-amylase (EC 3.2.1.1); pullulanase (EC 3.2.1.41); cyclomaltodextrin glucanotransferase (EC 2.4.1.19); cyclomaltodextrinase (EC 3.2.1.54); trehalose-6-phosphate hydrolase (EC 3.2.1.93); oligo-α-glucosidase (EC 3.2.1.10); maltogenic amylase (EC 3.2.1.133); neopullulanase (EC 3.2.1.135); α-glucosidase (EC 3.2.1.20); maltotetraose-forming α-amylase (EC 3.2.1.60); isoamylase (EC 3.2.1.68); glucodextranase (EC 3.2.1.70); maltohexaose-forming α-amylase (EC 3.2.1.98); maltotriose-forming α-amylase (EC 3.2.1.116); branching enzyme (EC 2.4.1.18); trehalose synthase (EC 5.4.99.16); 4-α-glucanotransferase (EC 2.4.1.25); maltopentaose-forming α-amylase (EC 3.2.1.-) ; amylosucrase (EC 2.4.1.4) ; sucrose phosphorylase (EC 2.4.1.7); malto-oligosyltrehalose trehalohydrolase (EC 3.2.1.141); isomaltulose synthase (EC 5.4.99.11); malto-oligosyltrehalose synthase (EC 5.4.99.15); amylo-α-1,6-glucosidase (EC 3.2.1.33); α-1,4-glucan: phosphate α-maltosyltransferase (EC 2.4.99.16); amino acid transporter; [retaining] sucrose 6(F)-phosphate phosphorylase (EC 2.4.1.329); [retaining] glucosylglycerol phosphorylase (EC 2.4.1.359); ; Glucosylglycerate phosphorylase (EC 2.4.1.352); [retaining] sucrose α-glucosidase (EC 3.2.1.48); oligosaccharide α-4-glucosyltransferase (EC 2.4.1.161)"
GH13_7,xylose-CazC1," α-amylase (EC 3.2.1.1); pullulanase (EC 3.2.1.41); cyclomaltodextrin glucanotransferase (EC 2.4.1.19); cyclomaltodextrinase (EC 3.2.1.54); trehalose-6-phosphate hydrolase (EC 3.2.1.93); oligo-α-glucosidase (EC 3.2.1.10); maltogenic amylase (EC 3.2.1.133); neopullulanase (EC 3.2.1.135); α-glucosidase (EC 3.2.1.20); maltotetraose-forming α-amylase (EC 3.2.1.60); isoamylase (EC 3.2.1.68); glucodextranase (EC 3.2.1.70); maltohexaose-forming α-amylase (EC 3.2.1.98); maltotriose-forming α-amylase (EC 3.2.1.116); branching enzyme (EC 2.4.1.18); trehalose synthase (EC 5.4.99.16); 4-α-glucanotransferase (EC 2.4.1.25); maltopentaose-forming α-amylase (EC 3.2.1.-) ; amylosucrase (EC 2.4.1.4) ; sucrose phosphorylase (EC 2.4.1.7); malto-oligosyltrehalose trehalohydrolase (EC 3.2.1.141); isomaltulose synthase (EC 5.4.99.11); malto-oligosyltrehalose synthase (EC 5.4.99.15); amylo-α-1,6-glucosidase (EC 3.2.1.33); α-1,4-glucan: phosphate α-maltosyltransferase (EC 2.4.99.16); amino acid transporter; [retaining] sucrose 6(F)-phosphate phosphorylase (EC 2.4.1.329); [retaining] glucosylglycerol phosphorylase (EC 2.4.1.359); ; Glucosylglycerate phosphorylase (EC 2.4.1.352); [retaining] sucrose α-glucosidase (EC 3.2.1.48); oligosaccharide α-4-glucosyltransferase (EC 2.4.1.161)"
GH13_7,vanillic acid-CazC1," α-amylase (EC 3.2.1.1); pullulanase (EC 3.2.1.41); cyclomaltodextrin glucanotransferase (EC 2.4.1.19); cyclomaltodextrinase (EC 3.2.1.54); trehalose-6-phosphate hydrolase (EC 3.2.1.93); oligo-α-glucosidase (EC 3.2.1.10); maltogenic amylase (EC 3.2.1.133); neopullulanase (EC 3.2.1.135); α-glucosidase (EC 3.2.1.20); maltotetraose-forming α-amylase (EC 3.2.1.60); isoamylase (EC 3.2.1.68); glucodextranase (EC 3.2.1.70); maltohexaose-forming α-amylase (EC 3.2.1.98); maltotriose-forming α-amylase (EC 3.2.1.116); branching enzyme (EC 2.4.1.18); trehalose synthase (EC 5.4.99.16); 4-α-glucanotransferase (EC 2.4.1.25); maltopentaose-forming α-amylase (EC 3.2.1.-) ; amylosucrase (EC 2.4.1.4) ; sucrose phosphorylase (EC 2.4.1.7); malto-oligosyltrehalose trehalohydrolase (EC 3.2.1.141); isomaltulose synthase (EC 5.4.99.11); malto-oligosyltrehalose synthase (EC 5.4.99.15); amylo-α-1,6-glucosidase (EC 3.2.1.33); α-1,4-glucan: phosphate α-maltosyltransferase (EC 2.4.99.16); amino acid transporter; [retaining] sucrose 6(F)-phosphate phosphorylase (EC 2.4.1.329); [retaining] glucosylglycerol phosphorylase (EC 2.4.1.359); ; Glucosylglycerate phosphorylase (EC 2.4.1.352); [retaining] sucrose α-glucosidase (EC 3.2.1.48); oligosaccharide α-4-glucosyltransferase (EC 2.4.1.161)"
GH13_7,hydroxybenzoic acid-CazC5," α-amylase (EC 3.2.1.1); pullulanase (EC 3.2.1.41); cyclomaltodextrin glucanotransferase (EC 2.4.1.19); cyclomaltodextrinase (EC 3.2.1.54); trehalose-6-phosphate hydrolase (EC 3.2.1.93); oligo-α-glucosidase (EC 3.2.1.10); maltogenic amylase (EC 3.2.1.133); neopullulanase (EC 3.2.1.135); α-glucosidase (EC 3.2.1.20); maltotetraose-forming α-amylase (EC 3.2.1.60); isoamylase (EC 3.2.1.68); glucodextranase (EC 3.2.1.70); maltohexaose-forming α-amylase (EC 3.2.1.98); maltotriose-forming α-amylase (EC 3.2.1.116); branching enzyme (EC 2.4.1.18); trehalose synthase (EC 5.4.99.16); 4-α-glucanotransferase (EC 2.4.1.25); maltopentaose-forming α-amylase (EC 3.2.1.-) ; amylosucrase (EC 2.4.1.4) ; sucrose phosphorylase (EC 2.4.1.7); malto-oligosyltrehalose trehalohydrolase (EC 3.2.1.141); isomaltulose synthase (EC 5.4.99.11); malto-oligosyltrehalose synthase (EC 5.4.99.15); amylo-α-1,6-glucosidase (EC 3.2.1.33); α-1,4-glucan: phosphate α-maltosyltransferase (EC 2.4.99.16); amino acid transporter; [retaining] sucrose 6(F)-phosphate phosphorylase (EC 2.4.1.329); [retaining] glucosylglycerol phosphorylase (EC 2.4.1.359); ; Glucosylglycerate phosphorylase (EC 2.4.1.352); [retaining] sucrose α-glucosidase (EC 3.2.1.48); oligosaccharide α-4-glucosyltransferase (EC 2.4.1.161)"
GH141,glucose-CazC2, α-L-fucosidase (EC 3.2.1.51); xylanase (EC 3.2.1.8)
GH141,benzoic acid-CazC2, α-L-fucosidase (EC 3.2.1.51); xylanase (EC 3.2.1.8)
GH144,fucose-CazC3," endo-β-1,2-glucanase (EC 3.2.1.71); β-1,2-glucooligosaccharide sophorohydrolase (EC 3.2.1.-)"
GH144,vanillic acid-CazC2," endo-β-1,2-glucanase (EC 3.2.1.71); β-1,2-glucooligosaccharide sophorohydrolase (EC 3.2.1.-)"
GH144,hydroxybenzoic acid-CazC7," endo-β-1,2-glucanase (EC 3.2.1.71); β-1,2-glucooligosaccharide sophorohydrolase (EC 3.2.1.-)"
GH147,vanillic acid-CazC1, β-galactosidase (EC 3.2.1.23)
GH147,benzoic acid-CazC2, β-galactosidase (EC 3.2.1.23)
GH148,fucose-CazC1," β-1,3-glucanase (EC 3.2.1.-)"
GH148,xylose-CazC4," β-1,3-glucanase (EC 3.2.1.-)"
GH148,vanillic acid-CazC1," β-1,3-glucanase (EC 3.2.1.-)"
GH148,hydroxybenzoic acid-CazC5," β-1,3-glucanase (EC 3.2.1.-)"
GH153,fucose-CazC1," poly-β-1,6-D-glucosamine hydrolase (EC 3.2.1.-)"
GH153,xylose-CazC3," poly-β-1,6-D-glucosamine hydrolase (EC 3.2.1.-)"
GH17,fucose-CazC3," glucan endo-1,3-β-glucosidase (EC 3.2.1.39); licheninase (EC 3.2.1.73); ABA-specific β-glucosidase (EC 3.2.1.175); β-1,3-glucanosyltransglycosylase (EC 2.4.1.-); β-1,3-glucosidase (EC 3.2.1.-)"
GH17,xylose-CazC5," glucan endo-1,3-β-glucosidase (EC 3.2.1.39); licheninase (EC 3.2.1.73); ABA-specific β-glucosidase (EC 3.2.1.175); β-1,3-glucanosyltransglycosylase (EC 2.4.1.-); β-1,3-glucosidase (EC 3.2.1.-)"
GH18,fucose-CazC5, chitinase (EC 3.2.1.14); lysozyme (EC 3.2.1.17); endo-β-N-acetylglucosaminidase (EC 3.2.1.96); peptidoglycan hydrolase with endo-β-N-acetylglucosaminidase specificity (EC 3.2.1.-); Nod factor hydrolase (EC 3.2.1.-); xylanase inhibitor; concanavalin B; narbonin
GH18,xylose-CazC6, chitinase (EC 3.2.1.14); lysozyme (EC 3.2.1.17); endo-β-N-acetylglucosaminidase (EC 3.2.1.96); peptidoglycan hydrolase with endo-β-N-acetylglucosaminidase specificity (EC 3.2.1.-); Nod factor hydrolase (EC 3.2.1.-); xylanase inhibitor; concanavalin B; narbonin
GH19,fucose-CazC3, chitinase (EC 3.2.1.14); lysozyme (EC 3.2.1.17)
GH19,xylose-CazC5, chitinase (EC 3.2.1.14); lysozyme (EC 3.2.1.17)
GH20,hydroxybenzoic acid-CazC6," β-hexosaminidase (EC 3.2.1.52); lacto-N-biosidase (EC 3.2.1.140); β-1,6-N-acetylglucosaminidase (EC 3.2.1.-); β-6-SO3-N-acetylglucosaminidase (EC 3.2.1.-)"
GH23,fucose-CazC7, lysozyme type G (EC 3.2.1.17); peptidoglycan lyase (EC 4.2.2.n1) also known in the literature as peptidoglycan lytic transglycosylase; chitinase (EC 3.2.1.14)
GH25,glucose-CazC3, lysozyme (EC 3.2.1.17)
GH26,vanillic acid-CazC2," β-mannanase (EC 3.2.1.78); exo-β-1,4-mannobiohydrolase (EC 3.2.1.100); β-1,3-xylanase (EC 3.2.1.32); lichenase / endo-β-1,3-1,4-glucanase (EC 3.2.1.73); mannobiose-producing exo-β-mannanase (EC 3.2.1.-)"
GH26,benzoic acid-CazC1," β-mannanase (EC 3.2.1.78); exo-β-1,4-mannobiohydrolase (EC 3.2.1.100); β-1,3-xylanase (EC 3.2.1.32); lichenase / endo-β-1,3-1,4-glucanase (EC 3.2.1.73); mannobiose-producing exo-β-mannanase (EC 3.2.1.-)"
GH27,fucose-CazC5, α-galactosidase (EC 3.2.1.22); α-N-acetylgalactosaminidase (EC 3.2.1.49); isomalto-dextranase (EC 3.2.1.94); β-L-arabinopyranosidase (EC 3.2.1.88); galactan:galactan galactosyltransferase (EC 2.4.1.-)
GH27,xylose-CazC8, α-galactosidase (EC 3.2.1.22); α-N-acetylgalactosaminidase (EC 3.2.1.49); isomalto-dextranase (EC 3.2.1.94); β-L-arabinopyranosidase (EC 3.2.1.88); galactan:galactan galactosyltransferase (EC 2.4.1.-)
GH30,fucose-CazC4," endo-β-1,4-xylanase (EC 3.2.1.8); β-glucosidase (3.2.1.21); β-glucuronidase (EC 3.2.1.31); β-xylosidase (EC 3.2.1.37); β-fucosidase (EC 3.2.1.38); glucosylceramidase (EC 3.2.1.45); β-1,6-glucanase (EC 3.2.1.75); glucuronoarabinoxylan endo-β-1,4-xylanase (EC 3.2.1.136); endo-β-1,6-galactanase (EC:3.2.1.164); [reducing end] β-xylosidase (EC 3.2.1.-)"
GH30,xylose-CazC8," endo-β-1,4-xylanase (EC 3.2.1.8); β-glucosidase (3.2.1.21); β-glucuronidase (EC 3.2.1.31); β-xylosidase (EC 3.2.1.37); β-fucosidase (EC 3.2.1.38); glucosylceramidase (EC 3.2.1.45); β-1,6-glucanase (EC 3.2.1.75); glucuronoarabinoxylan endo-β-1,4-xylanase (EC 3.2.1.136); endo-β-1,6-galactanase (EC:3.2.1.164); [reducing end] β-xylosidase (EC 3.2.1.-)"
GH30_2,glucose-CazC2," endo-β-1,4-xylanase (EC 3.2.1.8); β-glucosidase (3.2.1.21); β-glucuronidase (EC 3.2.1.31); β-xylosidase (EC 3.2.1.37); β-fucosidase (EC 3.2.1.38); glucosylceramidase (EC 3.2.1.45); β-1,6-glucanase (EC 3.2.1.75); glucuronoarabinoxylan endo-β-1,4-xylanase (EC 3.2.1.136); endo-β-1,6-galactanase (EC:3.2.1.164); [reducing end] β-xylosidase (EC 3.2.1.-)"
GH30_2,benzoic acid-CazC2," endo-β-1,4-xylanase (EC 3.2.1.8); β-glucosidase (3.2.1.21); β-glucuronidase (EC 3.2.1.31); β-xylosidase (EC 3.2.1.37); β-fucosidase (EC 3.2.1.38); glucosylceramidase (EC 3.2.1.45); β-1,6-glucanase (EC 3.2.1.75); glucuronoarabinoxylan endo-β-1,4-xylanase (EC 3.2.1.136); endo-β-1,6-galactanase (EC:3.2.1.164); [reducing end] β-xylosidase (EC 3.2.1.-)"
GH30_4,benzoic acid-CazC2," endo-β-1,4-xylanase (EC 3.2.1.8); β-glucosidase (3.2.1.21); β-glucuronidase (EC 3.2.1.31); β-xylosidase (EC 3.2.1.37); β-fucosidase (EC 3.2.1.38); glucosylceramidase (EC 3.2.1.45); β-1,6-glucanase (EC 3.2.1.75); glucuronoarabinoxylan endo-β-1,4-xylanase (EC 3.2.1.136); endo-β-1,6-galactanase (EC:3.2.1.164); [reducing end] β-xylosidase (EC 3.2.1.-)"
GH30_5,glucose-CazC2," endo-β-1,4-xylanase (EC 3.2.1.8); β-glucosidase (3.2.1.21); β-glucuronidase (EC 3.2.1.31); β-xylosidase (EC 3.2.1.37); β-fucosidase (EC 3.2.1.38); glucosylceramidase (EC 3.2.1.45); β-1,6-glucanase (EC 3.2.1.75); glucuronoarabinoxylan endo-β-1,4-xylanase (EC 3.2.1.136); endo-β-1,6-galactanase (EC:3.2.1.164); [reducing end] β-xylosidase (EC 3.2.1.-)"
GH30_7,hydroxybenzoic acid-CazC2," endo-β-1,4-xylanase (EC 3.2.1.8); β-glucosidase (3.2.1.21); β-glucuronidase (EC 3.2.1.31); β-xylosidase (EC 3.2.1.37); β-fucosidase (EC 3.2.1.38); glucosylceramidase (EC 3.2.1.45); β-1,6-glucanase (EC 3.2.1.75); glucuronoarabinoxylan endo-β-1,4-xylanase (EC 3.2.1.136); endo-β-1,6-galactanase (EC:3.2.1.164); [reducing end] β-xylosidase (EC 3.2.1.-)"
GH32,xylose-CazC6," invertase (EC 3.2.1.26); endo-inulinase (EC 3.2.1.7); β-2,6-fructan 6-levanbiohydrolase (EC 3.2.1.64); endo-levanase (EC 3.2.1.65); exo-inulinase (EC 3.2.1.80); fructan β-(2,1)-fructosidase/1-exohydrolase (EC 3.2.1.153); fructan β-(2,6)-fructosidase/6-exohydrolase (EC 3.2.1.154); sucrose:sucrose 1-fructosyltransferase (EC 2.4.1.99); fructan:fructan 1-fructosyltransferase (EC 2.4.1.100); sucrose:fructan 6-fructosyltransferase (EC 2.4.1.10); fructan:fructan 6G-fructosyltransferase (EC 2.4.1.243); levan fructosyltransferase (EC 2.4.1.-); [retaining] sucrose:sucrose 6-fructosyltransferase (6-SST) (EC 2.4.1.-); cycloinulo-oligosaccharide fructanotransferase (EC 2.4.1.-)"
GH32,vanillic acid-CazC2," invertase (EC 3.2.1.26); endo-inulinase (EC 3.2.1.7); β-2,6-fructan 6-levanbiohydrolase (EC 3.2.1.64); endo-levanase (EC 3.2.1.65); exo-inulinase (EC 3.2.1.80); fructan β-(2,1)-fructosidase/1-exohydrolase (EC 3.2.1.153); fructan β-(2,6)-fructosidase/6-exohydrolase (EC 3.2.1.154); sucrose:sucrose 1-fructosyltransferase (EC 2.4.1.99); fructan:fructan 1-fructosyltransferase (EC 2.4.1.100); sucrose:fructan 6-fructosyltransferase (EC 2.4.1.10); fructan:fructan 6G-fructosyltransferase (EC 2.4.1.243); levan fructosyltransferase (EC 2.4.1.-); [retaining] sucrose:sucrose 6-fructosyltransferase (6-SST) (EC 2.4.1.-); cycloinulo-oligosaccharide fructanotransferase (EC 2.4.1.-)"
GH32,hydroxybenzoic acid-CazC7," invertase (EC 3.2.1.26); endo-inulinase (EC 3.2.1.7); β-2,6-fructan 6-levanbiohydrolase (EC 3.2.1.64); endo-levanase (EC 3.2.1.65); exo-inulinase (EC 3.2.1.80); fructan β-(2,1)-fructosidase/1-exohydrolase (EC 3.2.1.153); fructan β-(2,6)-fructosidase/6-exohydrolase (EC 3.2.1.154); sucrose:sucrose 1-fructosyltransferase (EC 2.4.1.99); fructan:fructan 1-fructosyltransferase (EC 2.4.1.100); sucrose:fructan 6-fructosyltransferase (EC 2.4.1.10); fructan:fructan 6G-fructosyltransferase (EC 2.4.1.243); levan fructosyltransferase (EC 2.4.1.-); [retaining] sucrose:sucrose 6-fructosyltransferase (6-SST) (EC 2.4.1.-); cycloinulo-oligosaccharide fructanotransferase (EC 2.4.1.-)"
GH37,fucose-CazC3," α,α-trehalase (EC 3.2.1.28)."
GH37,xylose-CazC5," α,α-trehalase (EC 3.2.1.28)."
GH43,glucose-CazC2," β-xylosidase (EC 3.2.1.37); α-L-arabinofuranosidase (EC 3.2.1.55); xylanase (EC 3.2.1.8); α-1,2-L-arabinofuranosidase (EC 3.2.1.-); exo-α-1,5-L-arabinofuranosidase (EC 3.2.1.-); [inverting] exo-α-1,5-L-arabinanase (EC 3.2.1.-); β-1,3-xylosidase (EC 3.2.1.-); [inverting] exo-α-1,5-L-arabinanase (EC 3.2.1.-); [inverting] endo-α-1,5-L-arabinanase (EC 3.2.1.99); exo-β-1,3-galactanase (EC 3.2.1.145); β-D-galactofuranosidase (EC 3.2.1.146)"
GH43,benzoic acid-CazC2," β-xylosidase (EC 3.2.1.37); α-L-arabinofuranosidase (EC 3.2.1.55); xylanase (EC 3.2.1.8); α-1,2-L-arabinofuranosidase (EC 3.2.1.-); exo-α-1,5-L-arabinofuranosidase (EC 3.2.1.-); [inverting] exo-α-1,5-L-arabinanase (EC 3.2.1.-); β-1,3-xylosidase (EC 3.2.1.-); [inverting] exo-α-1,5-L-arabinanase (EC 3.2.1.-); [inverting] endo-α-1,5-L-arabinanase (EC 3.2.1.99); exo-β-1,3-galactanase (EC 3.2.1.145); β-D-galactofuranosidase (EC 3.2.1.146)"
GH43_1,fucose-CazC2," β-xylosidase (EC 3.2.1.37); α-L-arabinofuranosidase (EC 3.2.1.55); xylanase (EC 3.2.1.8); α-1,2-L-arabinofuranosidase (EC 3.2.1.-); exo-α-1,5-L-arabinofuranosidase (EC 3.2.1.-); [inverting] exo-α-1,5-L-arabinanase (EC 3.2.1.-); β-1,3-xylosidase (EC 3.2.1.-); [inverting] exo-α-1,5-L-arabinanase (EC 3.2.1.-); [inverting] endo-α-1,5-L-arabinanase (EC 3.2.1.99); exo-β-1,3-galactanase (EC 3.2.1.145); β-D-galactofuranosidase (EC 3.2.1.146)"
GH43_1,xylose-CazC4," β-xylosidase (EC 3.2.1.37); α-L-arabinofuranosidase (EC 3.2.1.55); xylanase (EC 3.2.1.8); α-1,2-L-arabinofuranosidase (EC 3.2.1.-); exo-α-1,5-L-arabinofuranosidase (EC 3.2.1.-); [inverting] exo-α-1,5-L-arabinanase (EC 3.2.1.-); β-1,3-xylosidase (EC 3.2.1.-); [inverting] exo-α-1,5-L-arabinanase (EC 3.2.1.-); [inverting] endo-α-1,5-L-arabinanase (EC 3.2.1.99); exo-β-1,3-galactanase (EC 3.2.1.145); β-D-galactofuranosidase (EC 3.2.1.146)"
GH43_11,fucose-CazC3," β-xylosidase (EC 3.2.1.37); α-L-arabinofuranosidase (EC 3.2.1.55); xylanase (EC 3.2.1.8); α-1,2-L-arabinofuranosidase (EC 3.2.1.-); exo-α-1,5-L-arabinofuranosidase (EC 3.2.1.-); [inverting] exo-α-1,5-L-arabinanase (EC 3.2.1.-); β-1,3-xylosidase (EC 3.2.1.-); [inverting] exo-α-1,5-L-arabinanase (EC 3.2.1.-); [inverting] endo-α-1,5-L-arabinanase (EC 3.2.1.99); exo-β-1,3-galactanase (EC 3.2.1.145); β-D-galactofuranosidase (EC 3.2.1.146)"
GH43_11,xylose-CazC5," β-xylosidase (EC 3.2.1.37); α-L-arabinofuranosidase (EC 3.2.1.55); xylanase (EC 3.2.1.8); α-1,2-L-arabinofuranosidase (EC 3.2.1.-); exo-α-1,5-L-arabinofuranosidase (EC 3.2.1.-); [inverting] exo-α-1,5-L-arabinanase (EC 3.2.1.-); β-1,3-xylosidase (EC 3.2.1.-); [inverting] exo-α-1,5-L-arabinanase (EC 3.2.1.-); [inverting] endo-α-1,5-L-arabinanase (EC 3.2.1.99); exo-β-1,3-galactanase (EC 3.2.1.145); β-D-galactofuranosidase (EC 3.2.1.146)"
GH43_12,glucose-CazC3," β-xylosidase (EC 3.2.1.37); α-L-arabinofuranosidase (EC 3.2.1.55); xylanase (EC 3.2.1.8); α-1,2-L-arabinofuranosidase (EC 3.2.1.-); exo-α-1,5-L-arabinofuranosidase (EC 3.2.1.-); [inverting] exo-α-1,5-L-arabinanase (EC 3.2.1.-); β-1,3-xylosidase (EC 3.2.1.-); [inverting] exo-α-1,5-L-arabinanase (EC 3.2.1.-); [inverting] endo-α-1,5-L-arabinanase (EC 3.2.1.99); exo-β-1,3-galactanase (EC 3.2.1.145); β-D-galactofuranosidase (EC 3.2.1.146)"
GH43_33,fucose-CazC1," β-xylosidase (EC 3.2.1.37); α-L-arabinofuranosidase (EC 3.2.1.55); xylanase (EC 3.2.1.8); α-1,2-L-arabinofuranosidase (EC 3.2.1.-); exo-α-1,5-L-arabinofuranosidase (EC 3.2.1.-); [inverting] exo-α-1,5-L-arabinanase (EC 3.2.1.-); β-1,3-xylosidase (EC 3.2.1.-); [inverting] exo-α-1,5-L-arabinanase (EC 3.2.1.-); [inverting] endo-α-1,5-L-arabinanase (EC 3.2.1.99); exo-β-1,3-galactanase (EC 3.2.1.145); β-D-galactofuranosidase (EC 3.2.1.146)"
GH43_37,glucose-CazC2," β-xylosidase (EC 3.2.1.37); α-L-arabinofuranosidase (EC 3.2.1.55); xylanase (EC 3.2.1.8); α-1,2-L-arabinofuranosidase (EC 3.2.1.-); exo-α-1,5-L-arabinofuranosidase (EC 3.2.1.-); [inverting] exo-α-1,5-L-arabinanase (EC 3.2.1.-); β-1,3-xylosidase (EC 3.2.1.-); [inverting] exo-α-1,5-L-arabinanase (EC 3.2.1.-); [inverting] endo-α-1,5-L-arabinanase (EC 3.2.1.99); exo-β-1,3-galactanase (EC 3.2.1.145); β-D-galactofuranosidase (EC 3.2.1.146)"
GH43_5,fucose-CazC4," β-xylosidase (EC 3.2.1.37); α-L-arabinofuranosidase (EC 3.2.1.55); xylanase (EC 3.2.1.8); α-1,2-L-arabinofuranosidase (EC 3.2.1.-); exo-α-1,5-L-arabinofuranosidase (EC 3.2.1.-); [inverting] exo-α-1,5-L-arabinanase (EC 3.2.1.-); β-1,3-xylosidase (EC 3.2.1.-); [inverting] exo-α-1,5-L-arabinanase (EC 3.2.1.-); [inverting] endo-α-1,5-L-arabinanase (EC 3.2.1.99); exo-β-1,3-galactanase (EC 3.2.1.145); β-D-galactofuranosidase (EC 3.2.1.146)"
GH43_5,xylose-CazC8," β-xylosidase (EC 3.2.1.37); α-L-arabinofuranosidase (EC 3.2.1.55); xylanase (EC 3.2.1.8); α-1,2-L-arabinofuranosidase (EC 3.2.1.-); exo-α-1,5-L-arabinofuranosidase (EC 3.2.1.-); [inverting] exo-α-1,5-L-arabinanase (EC 3.2.1.-); β-1,3-xylosidase (EC 3.2.1.-); [inverting] exo-α-1,5-L-arabinanase (EC 3.2.1.-); [inverting] endo-α-1,5-L-arabinanase (EC 3.2.1.99); exo-β-1,3-galactanase (EC 3.2.1.145); β-D-galactofuranosidase (EC 3.2.1.146)"
GH43_5,vanillic acid-CazC2," β-xylosidase (EC 3.2.1.37); α-L-arabinofuranosidase (EC 3.2.1.55); xylanase (EC 3.2.1.8); α-1,2-L-arabinofuranosidase (EC 3.2.1.-); exo-α-1,5-L-arabinofuranosidase (EC 3.2.1.-); [inverting] exo-α-1,5-L-arabinanase (EC 3.2.1.-); β-1,3-xylosidase (EC 3.2.1.-); [inverting] exo-α-1,5-L-arabinanase (EC 3.2.1.-); [inverting] endo-α-1,5-L-arabinanase (EC 3.2.1.99); exo-β-1,3-galactanase (EC 3.2.1.145); β-D-galactofuranosidase (EC 3.2.1.146)"
GH43_5,hydroxybenzoic acid-CazC5," β-xylosidase (EC 3.2.1.37); α-L-arabinofuranosidase (EC 3.2.1.55); xylanase (EC 3.2.1.8); α-1,2-L-arabinofuranosidase (EC 3.2.1.-); exo-α-1,5-L-arabinofuranosidase (EC 3.2.1.-); [inverting] exo-α-1,5-L-arabinanase (EC 3.2.1.-); β-1,3-xylosidase (EC 3.2.1.-); [inverting] exo-α-1,5-L-arabinanase (EC 3.2.1.-); [inverting] endo-α-1,5-L-arabinanase (EC 3.2.1.99); exo-β-1,3-galactanase (EC 3.2.1.145); β-D-galactofuranosidase (EC 3.2.1.146)"
GH43_7,fucose-CazC2," β-xylosidase (EC 3.2.1.37); α-L-arabinofuranosidase (EC 3.2.1.55); xylanase (EC 3.2.1.8); α-1,2-L-arabinofuranosidase (EC 3.2.1.-); exo-α-1,5-L-arabinofuranosidase (EC 3.2.1.-); [inverting] exo-α-1,5-L-arabinanase (EC 3.2.1.-); β-1,3-xylosidase (EC 3.2.1.-); [inverting] exo-α-1,5-L-arabinanase (EC 3.2.1.-); [inverting] endo-α-1,5-L-arabinanase (EC 3.2.1.99); exo-β-1,3-galactanase (EC 3.2.1.145); β-D-galactofuranosidase (EC 3.2.1.146)"
GH43_7,xylose-CazC4," β-xylosidase (EC 3.2.1.37); α-L-arabinofuranosidase (EC 3.2.1.55); xylanase (EC 3.2.1.8); α-1,2-L-arabinofuranosidase (EC 3.2.1.-); exo-α-1,5-L-arabinofuranosidase (EC 3.2.1.-); [inverting] exo-α-1,5-L-arabinanase (EC 3.2.1.-); β-1,3-xylosidase (EC 3.2.1.-); [inverting] exo-α-1,5-L-arabinanase (EC 3.2.1.-); [inverting] endo-α-1,5-L-arabinanase (EC 3.2.1.99); exo-β-1,3-galactanase (EC 3.2.1.145); β-D-galactofuranosidase (EC 3.2.1.146)"
GH43_9,glucose-CazC2," β-xylosidase (EC 3.2.1.37); α-L-arabinofuranosidase (EC 3.2.1.55); xylanase (EC 3.2.1.8); α-1,2-L-arabinofuranosidase (EC 3.2.1.-); exo-α-1,5-L-arabinofuranosidase (EC 3.2.1.-); [inverting] exo-α-1,5-L-arabinanase (EC 3.2.1.-); β-1,3-xylosidase (EC 3.2.1.-); [inverting] exo-α-1,5-L-arabinanase (EC 3.2.1.-); [inverting] endo-α-1,5-L-arabinanase (EC 3.2.1.99); exo-β-1,3-galactanase (EC 3.2.1.145); β-D-galactofuranosidase (EC 3.2.1.146)"
GH43_9,fucose-CazC2," β-xylosidase (EC 3.2.1.37); α-L-arabinofuranosidase (EC 3.2.1.55); xylanase (EC 3.2.1.8); α-1,2-L-arabinofuranosidase (EC 3.2.1.-); exo-α-1,5-L-arabinofuranosidase (EC 3.2.1.-); [inverting] exo-α-1,5-L-arabinanase (EC 3.2.1.-); β-1,3-xylosidase (EC 3.2.1.-); [inverting] exo-α-1,5-L-arabinanase (EC 3.2.1.-); [inverting] endo-α-1,5-L-arabinanase (EC 3.2.1.99); exo-β-1,3-galactanase (EC 3.2.1.145); β-D-galactofuranosidase (EC 3.2.1.146)"
GH43_9,xylose-CazC4," β-xylosidase (EC 3.2.1.37); α-L-arabinofuranosidase (EC 3.2.1.55); xylanase (EC 3.2.1.8); α-1,2-L-arabinofuranosidase (EC 3.2.1.-); exo-α-1,5-L-arabinofuranosidase (EC 3.2.1.-); [inverting] exo-α-1,5-L-arabinanase (EC 3.2.1.-); β-1,3-xylosidase (EC 3.2.1.-); [inverting] exo-α-1,5-L-arabinanase (EC 3.2.1.-); [inverting] endo-α-1,5-L-arabinanase (EC 3.2.1.99); exo-β-1,3-galactanase (EC 3.2.1.145); β-D-galactofuranosidase (EC 3.2.1.146)"
GH44,glucose-CazC3, endoglucanase (EC 3.2.1.4); xyloglucanase (EC 3.2.1.151)
GH45,glucose-CazC2," endoglucanase (EC 3.2.1.4); xyloglucan-specific endo-β-1,4-glucanase / endo-xyloglucanase (EC 3.2.1.151); endo-β-1,4-mannanase (EC 3.2.1.78)"
GH47,fucose-CazC2, α-mannosidase (EC 3.2.1.113)
GH5,hydroxybenzoic acid-CazC4," endo-β-1,4-glucanase / cellulase (EC 3.2.1.4); endo-β-1,4-xylanase (EC 3.2.1.8); β-glucosidase (EC 3.2.1.21); β-mannosidase (EC 3.2.1.25); β-glucosylceramidase (EC 3.2.1.45); glucan β-1,3-glucosidase (EC 3.2.1.58); exo-β-1,4-glucanase / cellodextrinase (EC 3.2.1.74); glucan endo-1,6-β-glucosidase (EC 3.2.1.75); mannan endo-β-1,4-mannosidase (EC 3.2.1.78); cellulose β-1,4-cellobiosidase (EC 3.2.1.91); steryl β-glucosidase (EC 3.2.1.104); endoglycoceramidase (EC 3.2.1.123); chitosanase (EC 3.2.1.132); β-primeverosidase (EC 3.2.1.149); xyloglucan-specific endo-β-1,4-glucanase (EC 3.2.1.151); endo-β-1,6-galactanase (EC 3.2.1.164); β-1,3-mannanase (EC 3.2.1.-); arabinoxylan-specific endo-β-1,4-xylanase (EC 3.2.1.-); mannan transglycosylase (EC 2.4.1.-); lichenase / endo-β-1,3-1,4-glucanase (EC 3.2.1.73); β-glycosidase (EC 3.2.1.-); endo-β-1,3-glucanase / laminarinase (EC 3.2.1.39); β-N-acetylhexosaminidase (EC 3.2.1.52); chitosanase (EC 3.2.1.132); β-D-galactofuranosidase (EC 3.2.1.146); β-galactosylceramidase (EC 3.2.1.46); ; β-rutinosidase /α-L-rhamnose-(1,6)-β-D-glucosidase (EC 3.2.1.-); α-L-arabinofuranosidase (EC 3.2.1.55)"
GH50,fucose-CazC1, β-agarase (EC 3.2.1.81).
GH50,xylose-CazC4, β-agarase (EC 3.2.1.81).
GH53,vanillic acid-CazC2," endo-β-1,4-galactanase (EC 3.2.1.89)."
GH57,fucose-CazC6, α-amylase (EC 3.2.1.1); α-galactosidase (EC 3.2.1.22); amylopullulanase (EC 3.2.1.41); cyclomaltodextrinase (EC 3.2.1.54); branching enzyme (EC 2.4.1.18); 4-α-glucanotransferase (EC 2.4.1.25)
GH57,xylose-CazC10, α-amylase (EC 3.2.1.1); α-galactosidase (EC 3.2.1.22); amylopullulanase (EC 3.2.1.41); cyclomaltodextrinase (EC 3.2.1.54); branching enzyme (EC 2.4.1.18); 4-α-glucanotransferase (EC 2.4.1.25)
GH59,fucose-CazC1, β-galactosidase (EC 3.2.1.23); galactocerebrosidase (EC 3.2.1.46)
GH59,xylose-CazC2, β-galactosidase (EC 3.2.1.23); galactocerebrosidase (EC 3.2.1.46)
GH59,hydroxybenzoic acid-CazC4, β-galactosidase (EC 3.2.1.23); galactocerebrosidase (EC 3.2.1.46)
GH5_12,glucose-CazC2," endo-β-1,4-glucanase / cellulase (EC 3.2.1.4); endo-β-1,4-xylanase (EC 3.2.1.8); β-glucosidase (EC 3.2.1.21); β-mannosidase (EC 3.2.1.25); β-glucosylceramidase (EC 3.2.1.45); glucan β-1,3-glucosidase (EC 3.2.1.58); exo-β-1,4-glucanase / cellodextrinase (EC 3.2.1.74); glucan endo-1,6-β-glucosidase (EC 3.2.1.75); mannan endo-β-1,4-mannosidase (EC 3.2.1.78); cellulose β-1,4-cellobiosidase (EC 3.2.1.91); steryl β-glucosidase (EC 3.2.1.104); endoglycoceramidase (EC 3.2.1.123); chitosanase (EC 3.2.1.132); β-primeverosidase (EC 3.2.1.149); xyloglucan-specific endo-β-1,4-glucanase (EC 3.2.1.151); endo-β-1,6-galactanase (EC 3.2.1.164); β-1,3-mannanase (EC 3.2.1.-); arabinoxylan-specific endo-β-1,4-xylanase (EC 3.2.1.-); mannan transglycosylase (EC 2.4.1.-); lichenase / endo-β-1,3-1,4-glucanase (EC 3.2.1.73); β-glycosidase (EC 3.2.1.-); endo-β-1,3-glucanase / laminarinase (EC 3.2.1.39); β-N-acetylhexosaminidase (EC 3.2.1.52); chitosanase (EC 3.2.1.132); β-D-galactofuranosidase (EC 3.2.1.146); β-galactosylceramidase (EC 3.2.1.46); ; β-rutinosidase /α-L-rhamnose-(1,6)-β-D-glucosidase (EC 3.2.1.-); α-L-arabinofuranosidase (EC 3.2.1.55)"
GH5_13,fucose-CazC5," endo-β-1,4-glucanase / cellulase (EC 3.2.1.4); endo-β-1,4-xylanase (EC 3.2.1.8); β-glucosidase (EC 3.2.1.21); β-mannosidase (EC 3.2.1.25); β-glucosylceramidase (EC 3.2.1.45); glucan β-1,3-glucosidase (EC 3.2.1.58); exo-β-1,4-glucanase / cellodextrinase (EC 3.2.1.74); glucan endo-1,6-β-glucosidase (EC 3.2.1.75); mannan endo-β-1,4-mannosidase (EC 3.2.1.78); cellulose β-1,4-cellobiosidase (EC 3.2.1.91); steryl β-glucosidase (EC 3.2.1.104); endoglycoceramidase (EC 3.2.1.123); chitosanase (EC 3.2.1.132); β-primeverosidase (EC 3.2.1.149); xyloglucan-specific endo-β-1,4-glucanase (EC 3.2.1.151); endo-β-1,6-galactanase (EC 3.2.1.164); β-1,3-mannanase (EC 3.2.1.-); arabinoxylan-specific endo-β-1,4-xylanase (EC 3.2.1.-); mannan transglycosylase (EC 2.4.1.-); lichenase / endo-β-1,3-1,4-glucanase (EC 3.2.1.73); β-glycosidase (EC 3.2.1.-); endo-β-1,3-glucanase / laminarinase (EC 3.2.1.39); β-N-acetylhexosaminidase (EC 3.2.1.52); chitosanase (EC 3.2.1.132); β-D-galactofuranosidase (EC 3.2.1.146); β-galactosylceramidase (EC 3.2.1.46); ; β-rutinosidase /α-L-rhamnose-(1,6)-β-D-glucosidase (EC 3.2.1.-); α-L-arabinofuranosidase (EC 3.2.1.55)"
GH5_25,glucose-CazC2," endo-β-1,4-glucanase / cellulase (EC 3.2.1.4); endo-β-1,4-xylanase (EC 3.2.1.8); β-glucosidase (EC 3.2.1.21); β-mannosidase (EC 3.2.1.25); β-glucosylceramidase (EC 3.2.1.45); glucan β-1,3-glucosidase (EC 3.2.1.58); exo-β-1,4-glucanase / cellodextrinase (EC 3.2.1.74); glucan endo-1,6-β-glucosidase (EC 3.2.1.75); mannan endo-β-1,4-mannosidase (EC 3.2.1.78); cellulose β-1,4-cellobiosidase (EC 3.2.1.91); steryl β-glucosidase (EC 3.2.1.104); endoglycoceramidase (EC 3.2.1.123); chitosanase (EC 3.2.1.132); β-primeverosidase (EC 3.2.1.149); xyloglucan-specific endo-β-1,4-glucanase (EC 3.2.1.151); endo-β-1,6-galactanase (EC 3.2.1.164); β-1,3-mannanase (EC 3.2.1.-); arabinoxylan-specific endo-β-1,4-xylanase (EC 3.2.1.-); mannan transglycosylase (EC 2.4.1.-); lichenase / endo-β-1,3-1,4-glucanase (EC 3.2.1.73); β-glycosidase (EC 3.2.1.-); endo-β-1,3-glucanase / laminarinase (EC 3.2.1.39); β-N-acetylhexosaminidase (EC 3.2.1.52); chitosanase (EC 3.2.1.132); β-D-galactofuranosidase (EC 3.2.1.146); β-galactosylceramidase (EC 3.2.1.46); ; β-rutinosidase /α-L-rhamnose-(1,6)-β-D-glucosidase (EC 3.2.1.-); α-L-arabinofuranosidase (EC 3.2.1.55)"
GH5_25,fucose-CazC2," endo-β-1,4-glucanase / cellulase (EC 3.2.1.4); endo-β-1,4-xylanase (EC 3.2.1.8); β-glucosidase (EC 3.2.1.21); β-mannosidase (EC 3.2.1.25); β-glucosylceramidase (EC 3.2.1.45); glucan β-1,3-glucosidase (EC 3.2.1.58); exo-β-1,4-glucanase / cellodextrinase (EC 3.2.1.74); glucan endo-1,6-β-glucosidase (EC 3.2.1.75); mannan endo-β-1,4-mannosidase (EC 3.2.1.78); cellulose β-1,4-cellobiosidase (EC 3.2.1.91); steryl β-glucosidase (EC 3.2.1.104); endoglycoceramidase (EC 3.2.1.123); chitosanase (EC 3.2.1.132); β-primeverosidase (EC 3.2.1.149); xyloglucan-specific endo-β-1,4-glucanase (EC 3.2.1.151); endo-β-1,6-galactanase (EC 3.2.1.164); β-1,3-mannanase (EC 3.2.1.-); arabinoxylan-specific endo-β-1,4-xylanase (EC 3.2.1.-); mannan transglycosylase (EC 2.4.1.-); lichenase / endo-β-1,3-1,4-glucanase (EC 3.2.1.73); β-glycosidase (EC 3.2.1.-); endo-β-1,3-glucanase / laminarinase (EC 3.2.1.39); β-N-acetylhexosaminidase (EC 3.2.1.52); chitosanase (EC 3.2.1.132); β-D-galactofuranosidase (EC 3.2.1.146); β-galactosylceramidase (EC 3.2.1.46); ; β-rutinosidase /α-L-rhamnose-(1,6)-β-D-glucosidase (EC 3.2.1.-); α-L-arabinofuranosidase (EC 3.2.1.55)"
GH5_25,hydroxybenzoic acid-CazC5," endo-β-1,4-glucanase / cellulase (EC 3.2.1.4); endo-β-1,4-xylanase (EC 3.2.1.8); β-glucosidase (EC 3.2.1.21); β-mannosidase (EC 3.2.1.25); β-glucosylceramidase (EC 3.2.1.45); glucan β-1,3-glucosidase (EC 3.2.1.58); exo-β-1,4-glucanase / cellodextrinase (EC 3.2.1.74); glucan endo-1,6-β-glucosidase (EC 3.2.1.75); mannan endo-β-1,4-mannosidase (EC 3.2.1.78); cellulose β-1,4-cellobiosidase (EC 3.2.1.91); steryl β-glucosidase (EC 3.2.1.104); endoglycoceramidase (EC 3.2.1.123); chitosanase (EC 3.2.1.132); β-primeverosidase (EC 3.2.1.149); xyloglucan-specific endo-β-1,4-glucanase (EC 3.2.1.151); endo-β-1,6-galactanase (EC 3.2.1.164); β-1,3-mannanase (EC 3.2.1.-); arabinoxylan-specific endo-β-1,4-xylanase (EC 3.2.1.-); mannan transglycosylase (EC 2.4.1.-); lichenase / endo-β-1,3-1,4-glucanase (EC 3.2.1.73); β-glycosidase (EC 3.2.1.-); endo-β-1,3-glucanase / laminarinase (EC 3.2.1.39); β-N-acetylhexosaminidase (EC 3.2.1.52); chitosanase (EC 3.2.1.132); β-D-galactofuranosidase (EC 3.2.1.146); β-galactosylceramidase (EC 3.2.1.46); ; β-rutinosidase /α-L-rhamnose-(1,6)-β-D-glucosidase (EC 3.2.1.-); α-L-arabinofuranosidase (EC 3.2.1.55)"
GH5_26,glucose-CazC2," endo-β-1,4-glucanase / cellulase (EC 3.2.1.4); endo-β-1,4-xylanase (EC 3.2.1.8); β-glucosidase (EC 3.2.1.21); β-mannosidase (EC 3.2.1.25); β-glucosylceramidase (EC 3.2.1.45); glucan β-1,3-glucosidase (EC 3.2.1.58); exo-β-1,4-glucanase / cellodextrinase (EC 3.2.1.74); glucan endo-1,6-β-glucosidase (EC 3.2.1.75); mannan endo-β-1,4-mannosidase (EC 3.2.1.78); cellulose β-1,4-cellobiosidase (EC 3.2.1.91); steryl β-glucosidase (EC 3.2.1.104); endoglycoceramidase (EC 3.2.1.123); chitosanase (EC 3.2.1.132); β-primeverosidase (EC 3.2.1.149); xyloglucan-specific endo-β-1,4-glucanase (EC 3.2.1.151); endo-β-1,6-galactanase (EC 3.2.1.164); β-1,3-mannanase (EC 3.2.1.-); arabinoxylan-specific endo-β-1,4-xylanase (EC 3.2.1.-); mannan transglycosylase (EC 2.4.1.-); lichenase / endo-β-1,3-1,4-glucanase (EC 3.2.1.73); β-glycosidase (EC 3.2.1.-); endo-β-1,3-glucanase / laminarinase (EC 3.2.1.39); β-N-acetylhexosaminidase (EC 3.2.1.52); chitosanase (EC 3.2.1.132); β-D-galactofuranosidase (EC 3.2.1.146); β-galactosylceramidase (EC 3.2.1.46); ; β-rutinosidase /α-L-rhamnose-(1,6)-β-D-glucosidase (EC 3.2.1.-); α-L-arabinofuranosidase (EC 3.2.1.55)"
GH5_26,benzoic acid-CazC2," endo-β-1,4-glucanase / cellulase (EC 3.2.1.4); endo-β-1,4-xylanase (EC 3.2.1.8); β-glucosidase (EC 3.2.1.21); β-mannosidase (EC 3.2.1.25); β-glucosylceramidase (EC 3.2.1.45); glucan β-1,3-glucosidase (EC 3.2.1.58); exo-β-1,4-glucanase / cellodextrinase (EC 3.2.1.74); glucan endo-1,6-β-glucosidase (EC 3.2.1.75); mannan endo-β-1,4-mannosidase (EC 3.2.1.78); cellulose β-1,4-cellobiosidase (EC 3.2.1.91); steryl β-glucosidase (EC 3.2.1.104); endoglycoceramidase (EC 3.2.1.123); chitosanase (EC 3.2.1.132); β-primeverosidase (EC 3.2.1.149); xyloglucan-specific endo-β-1,4-glucanase (EC 3.2.1.151); endo-β-1,6-galactanase (EC 3.2.1.164); β-1,3-mannanase (EC 3.2.1.-); arabinoxylan-specific endo-β-1,4-xylanase (EC 3.2.1.-); mannan transglycosylase (EC 2.4.1.-); lichenase / endo-β-1,3-1,4-glucanase (EC 3.2.1.73); β-glycosidase (EC 3.2.1.-); endo-β-1,3-glucanase / laminarinase (EC 3.2.1.39); β-N-acetylhexosaminidase (EC 3.2.1.52); chitosanase (EC 3.2.1.132); β-D-galactofuranosidase (EC 3.2.1.146); β-galactosylceramidase (EC 3.2.1.46); ; β-rutinosidase /α-L-rhamnose-(1,6)-β-D-glucosidase (EC 3.2.1.-); α-L-arabinofuranosidase (EC 3.2.1.55)"
GH5_27,vanillic acid-CazC1," endo-β-1,4-glucanase / cellulase (EC 3.2.1.4); endo-β-1,4-xylanase (EC 3.2.1.8); β-glucosidase (EC 3.2.1.21); β-mannosidase (EC 3.2.1.25); β-glucosylceramidase (EC 3.2.1.45); glucan β-1,3-glucosidase (EC 3.2.1.58); exo-β-1,4-glucanase / cellodextrinase (EC 3.2.1.74); glucan endo-1,6-β-glucosidase (EC 3.2.1.75); mannan endo-β-1,4-mannosidase (EC 3.2.1.78); cellulose β-1,4-cellobiosidase (EC 3.2.1.91); steryl β-glucosidase (EC 3.2.1.104); endoglycoceramidase (EC 3.2.1.123); chitosanase (EC 3.2.1.132); β-primeverosidase (EC 3.2.1.149); xyloglucan-specific endo-β-1,4-glucanase (EC 3.2.1.151); endo-β-1,6-galactanase (EC 3.2.1.164); β-1,3-mannanase (EC 3.2.1.-); arabinoxylan-specific endo-β-1,4-xylanase (EC 3.2.1.-); mannan transglycosylase (EC 2.4.1.-); lichenase / endo-β-1,3-1,4-glucanase (EC 3.2.1.73); β-glycosidase (EC 3.2.1.-); endo-β-1,3-glucanase / laminarinase (EC 3.2.1.39); β-N-acetylhexosaminidase (EC 3.2.1.52); chitosanase (EC 3.2.1.132); β-D-galactofuranosidase (EC 3.2.1.146); β-galactosylceramidase (EC 3.2.1.46); ; β-rutinosidase /α-L-rhamnose-(1,6)-β-D-glucosidase (EC 3.2.1.-); α-L-arabinofuranosidase (EC 3.2.1.55)"
GH5_27,benzoic acid-CazC2," endo-β-1,4-glucanase / cellulase (EC 3.2.1.4); endo-β-1,4-xylanase (EC 3.2.1.8); β-glucosidase (EC 3.2.1.21); β-mannosidase (EC 3.2.1.25); β-glucosylceramidase (EC 3.2.1.45); glucan β-1,3-glucosidase (EC 3.2.1.58); exo-β-1,4-glucanase / cellodextrinase (EC 3.2.1.74); glucan endo-1,6-β-glucosidase (EC 3.2.1.75); mannan endo-β-1,4-mannosidase (EC 3.2.1.78); cellulose β-1,4-cellobiosidase (EC 3.2.1.91); steryl β-glucosidase (EC 3.2.1.104); endoglycoceramidase (EC 3.2.1.123); chitosanase (EC 3.2.1.132); β-primeverosidase (EC 3.2.1.149); xyloglucan-specific endo-β-1,4-glucanase (EC 3.2.1.151); endo-β-1,6-galactanase (EC 3.2.1.164); β-1,3-mannanase (EC 3.2.1.-); arabinoxylan-specific endo-β-1,4-xylanase (EC 3.2.1.-); mannan transglycosylase (EC 2.4.1.-); lichenase / endo-β-1,3-1,4-glucanase (EC 3.2.1.73); β-glycosidase (EC 3.2.1.-); endo-β-1,3-glucanase / laminarinase (EC 3.2.1.39); β-N-acetylhexosaminidase (EC 3.2.1.52); chitosanase (EC 3.2.1.132); β-D-galactofuranosidase (EC 3.2.1.146); β-galactosylceramidase (EC 3.2.1.46); ; β-rutinosidase /α-L-rhamnose-(1,6)-β-D-glucosidase (EC 3.2.1.-); α-L-arabinofuranosidase (EC 3.2.1.55)"
GH5_35,fucose-CazC1," endo-β-1,4-glucanase / cellulase (EC 3.2.1.4); endo-β-1,4-xylanase (EC 3.2.1.8); β-glucosidase (EC 3.2.1.21); β-mannosidase (EC 3.2.1.25); β-glucosylceramidase (EC 3.2.1.45); glucan β-1,3-glucosidase (EC 3.2.1.58); exo-β-1,4-glucanase / cellodextrinase (EC 3.2.1.74); glucan endo-1,6-β-glucosidase (EC 3.2.1.75); mannan endo-β-1,4-mannosidase (EC 3.2.1.78); cellulose β-1,4-cellobiosidase (EC 3.2.1.91); steryl β-glucosidase (EC 3.2.1.104); endoglycoceramidase (EC 3.2.1.123); chitosanase (EC 3.2.1.132); β-primeverosidase (EC 3.2.1.149); xyloglucan-specific endo-β-1,4-glucanase (EC 3.2.1.151); endo-β-1,6-galactanase (EC 3.2.1.164); β-1,3-mannanase (EC 3.2.1.-); arabinoxylan-specific endo-β-1,4-xylanase (EC 3.2.1.-); mannan transglycosylase (EC 2.4.1.-); lichenase / endo-β-1,3-1,4-glucanase (EC 3.2.1.73); β-glycosidase (EC 3.2.1.-); endo-β-1,3-glucanase / laminarinase (EC 3.2.1.39); β-N-acetylhexosaminidase (EC 3.2.1.52); chitosanase (EC 3.2.1.132); β-D-galactofuranosidase (EC 3.2.1.146); β-galactosylceramidase (EC 3.2.1.46); ; β-rutinosidase /α-L-rhamnose-(1,6)-β-D-glucosidase (EC 3.2.1.-); α-L-arabinofuranosidase (EC 3.2.1.55)"
GH5_35,xylose-CazC2," endo-β-1,4-glucanase / cellulase (EC 3.2.1.4); endo-β-1,4-xylanase (EC 3.2.1.8); β-glucosidase (EC 3.2.1.21); β-mannosidase (EC 3.2.1.25); β-glucosylceramidase (EC 3.2.1.45); glucan β-1,3-glucosidase (EC 3.2.1.58); exo-β-1,4-glucanase / cellodextrinase (EC 3.2.1.74); glucan endo-1,6-β-glucosidase (EC 3.2.1.75); mannan endo-β-1,4-mannosidase (EC 3.2.1.78); cellulose β-1,4-cellobiosidase (EC 3.2.1.91); steryl β-glucosidase (EC 3.2.1.104); endoglycoceramidase (EC 3.2.1.123); chitosanase (EC 3.2.1.132); β-primeverosidase (EC 3.2.1.149); xyloglucan-specific endo-β-1,4-glucanase (EC 3.2.1.151); endo-β-1,6-galactanase (EC 3.2.1.164); β-1,3-mannanase (EC 3.2.1.-); arabinoxylan-specific endo-β-1,4-xylanase (EC 3.2.1.-); mannan transglycosylase (EC 2.4.1.-); lichenase / endo-β-1,3-1,4-glucanase (EC 3.2.1.73); β-glycosidase (EC 3.2.1.-); endo-β-1,3-glucanase / laminarinase (EC 3.2.1.39); β-N-acetylhexosaminidase (EC 3.2.1.52); chitosanase (EC 3.2.1.132); β-D-galactofuranosidase (EC 3.2.1.146); β-galactosylceramidase (EC 3.2.1.46); ; β-rutinosidase /α-L-rhamnose-(1,6)-β-D-glucosidase (EC 3.2.1.-); α-L-arabinofuranosidase (EC 3.2.1.55)"
GH5_4,glucose-CazC2," endo-β-1,4-glucanase / cellulase (EC 3.2.1.4); endo-β-1,4-xylanase (EC 3.2.1.8); β-glucosidase (EC 3.2.1.21); β-mannosidase (EC 3.2.1.25); β-glucosylceramidase (EC 3.2.1.45); glucan β-1,3-glucosidase (EC 3.2.1.58); exo-β-1,4-glucanase / cellodextrinase (EC 3.2.1.74); glucan endo-1,6-β-glucosidase (EC 3.2.1.75); mannan endo-β-1,4-mannosidase (EC 3.2.1.78); cellulose β-1,4-cellobiosidase (EC 3.2.1.91); steryl β-glucosidase (EC 3.2.1.104); endoglycoceramidase (EC 3.2.1.123); chitosanase (EC 3.2.1.132); β-primeverosidase (EC 3.2.1.149); xyloglucan-specific endo-β-1,4-glucanase (EC 3.2.1.151); endo-β-1,6-galactanase (EC 3.2.1.164); β-1,3-mannanase (EC 3.2.1.-); arabinoxylan-specific endo-β-1,4-xylanase (EC 3.2.1.-); mannan transglycosylase (EC 2.4.1.-); lichenase / endo-β-1,3-1,4-glucanase (EC 3.2.1.73); β-glycosidase (EC 3.2.1.-); endo-β-1,3-glucanase / laminarinase (EC 3.2.1.39); β-N-acetylhexosaminidase (EC 3.2.1.52); chitosanase (EC 3.2.1.132); β-D-galactofuranosidase (EC 3.2.1.146); β-galactosylceramidase (EC 3.2.1.46); ; β-rutinosidase /α-L-rhamnose-(1,6)-β-D-glucosidase (EC 3.2.1.-); α-L-arabinofuranosidase (EC 3.2.1.55)"
GH5_44,xylose-CazC2," endo-β-1,4-glucanase / cellulase (EC 3.2.1.4); endo-β-1,4-xylanase (EC 3.2.1.8); β-glucosidase (EC 3.2.1.21); β-mannosidase (EC 3.2.1.25); β-glucosylceramidase (EC 3.2.1.45); glucan β-1,3-glucosidase (EC 3.2.1.58); exo-β-1,4-glucanase / cellodextrinase (EC 3.2.1.74); glucan endo-1,6-β-glucosidase (EC 3.2.1.75); mannan endo-β-1,4-mannosidase (EC 3.2.1.78); cellulose β-1,4-cellobiosidase (EC 3.2.1.91); steryl β-glucosidase (EC 3.2.1.104); endoglycoceramidase (EC 3.2.1.123); chitosanase (EC 3.2.1.132); β-primeverosidase (EC 3.2.1.149); xyloglucan-specific endo-β-1,4-glucanase (EC 3.2.1.151); endo-β-1,6-galactanase (EC 3.2.1.164); β-1,3-mannanase (EC 3.2.1.-); arabinoxylan-specific endo-β-1,4-xylanase (EC 3.2.1.-); mannan transglycosylase (EC 2.4.1.-); lichenase / endo-β-1,3-1,4-glucanase (EC 3.2.1.73); β-glycosidase (EC 3.2.1.-); endo-β-1,3-glucanase / laminarinase (EC 3.2.1.39); β-N-acetylhexosaminidase (EC 3.2.1.52); chitosanase (EC 3.2.1.132); β-D-galactofuranosidase (EC 3.2.1.146); β-galactosylceramidase (EC 3.2.1.46); ; β-rutinosidase /α-L-rhamnose-(1,6)-β-D-glucosidase (EC 3.2.1.-); α-L-arabinofuranosidase (EC 3.2.1.55)"
GH5_44,vanillic acid-CazC1," endo-β-1,4-glucanase / cellulase (EC 3.2.1.4); endo-β-1,4-xylanase (EC 3.2.1.8); β-glucosidase (EC 3.2.1.21); β-mannosidase (EC 3.2.1.25); β-glucosylceramidase (EC 3.2.1.45); glucan β-1,3-glucosidase (EC 3.2.1.58); exo-β-1,4-glucanase / cellodextrinase (EC 3.2.1.74); glucan endo-1,6-β-glucosidase (EC 3.2.1.75); mannan endo-β-1,4-mannosidase (EC 3.2.1.78); cellulose β-1,4-cellobiosidase (EC 3.2.1.91); steryl β-glucosidase (EC 3.2.1.104); endoglycoceramidase (EC 3.2.1.123); chitosanase (EC 3.2.1.132); β-primeverosidase (EC 3.2.1.149); xyloglucan-specific endo-β-1,4-glucanase (EC 3.2.1.151); endo-β-1,6-galactanase (EC 3.2.1.164); β-1,3-mannanase (EC 3.2.1.-); arabinoxylan-specific endo-β-1,4-xylanase (EC 3.2.1.-); mannan transglycosylase (EC 2.4.1.-); lichenase / endo-β-1,3-1,4-glucanase (EC 3.2.1.73); β-glycosidase (EC 3.2.1.-); endo-β-1,3-glucanase / laminarinase (EC 3.2.1.39); β-N-acetylhexosaminidase (EC 3.2.1.52); chitosanase (EC 3.2.1.132); β-D-galactofuranosidase (EC 3.2.1.146); β-galactosylceramidase (EC 3.2.1.46); ; β-rutinosidase /α-L-rhamnose-(1,6)-β-D-glucosidase (EC 3.2.1.-); α-L-arabinofuranosidase (EC 3.2.1.55)"
GH5_44,hydroxybenzoic acid-CazC2," endo-β-1,4-glucanase / cellulase (EC 3.2.1.4); endo-β-1,4-xylanase (EC 3.2.1.8); β-glucosidase (EC 3.2.1.21); β-mannosidase (EC 3.2.1.25); β-glucosylceramidase (EC 3.2.1.45); glucan β-1,3-glucosidase (EC 3.2.1.58); exo-β-1,4-glucanase / cellodextrinase (EC 3.2.1.74); glucan endo-1,6-β-glucosidase (EC 3.2.1.75); mannan endo-β-1,4-mannosidase (EC 3.2.1.78); cellulose β-1,4-cellobiosidase (EC 3.2.1.91); steryl β-glucosidase (EC 3.2.1.104); endoglycoceramidase (EC 3.2.1.123); chitosanase (EC 3.2.1.132); β-primeverosidase (EC 3.2.1.149); xyloglucan-specific endo-β-1,4-glucanase (EC 3.2.1.151); endo-β-1,6-galactanase (EC 3.2.1.164); β-1,3-mannanase (EC 3.2.1.-); arabinoxylan-specific endo-β-1,4-xylanase (EC 3.2.1.-); mannan transglycosylase (EC 2.4.1.-); lichenase / endo-β-1,3-1,4-glucanase (EC 3.2.1.73); β-glycosidase (EC 3.2.1.-); endo-β-1,3-glucanase / laminarinase (EC 3.2.1.39); β-N-acetylhexosaminidase (EC 3.2.1.52); chitosanase (EC 3.2.1.132); β-D-galactofuranosidase (EC 3.2.1.146); β-galactosylceramidase (EC 3.2.1.46); ; β-rutinosidase /α-L-rhamnose-(1,6)-β-D-glucosidase (EC 3.2.1.-); α-L-arabinofuranosidase (EC 3.2.1.55)"
GH5_46,fucose-CazC2," endo-β-1,4-glucanase / cellulase (EC 3.2.1.4); endo-β-1,4-xylanase (EC 3.2.1.8); β-glucosidase (EC 3.2.1.21); β-mannosidase (EC 3.2.1.25); β-glucosylceramidase (EC 3.2.1.45); glucan β-1,3-glucosidase (EC 3.2.1.58); exo-β-1,4-glucanase / cellodextrinase (EC 3.2.1.74); glucan endo-1,6-β-glucosidase (EC 3.2.1.75); mannan endo-β-1,4-mannosidase (EC 3.2.1.78); cellulose β-1,4-cellobiosidase (EC 3.2.1.91); steryl β-glucosidase (EC 3.2.1.104); endoglycoceramidase (EC 3.2.1.123); chitosanase (EC 3.2.1.132); β-primeverosidase (EC 3.2.1.149); xyloglucan-specific endo-β-1,4-glucanase (EC 3.2.1.151); endo-β-1,6-galactanase (EC 3.2.1.164); β-1,3-mannanase (EC 3.2.1.-); arabinoxylan-specific endo-β-1,4-xylanase (EC 3.2.1.-); mannan transglycosylase (EC 2.4.1.-); lichenase / endo-β-1,3-1,4-glucanase (EC 3.2.1.73); β-glycosidase (EC 3.2.1.-); endo-β-1,3-glucanase / laminarinase (EC 3.2.1.39); β-N-acetylhexosaminidase (EC 3.2.1.52); chitosanase (EC 3.2.1.132); β-D-galactofuranosidase (EC 3.2.1.146); β-galactosylceramidase (EC 3.2.1.46); ; β-rutinosidase /α-L-rhamnose-(1,6)-β-D-glucosidase (EC 3.2.1.-); α-L-arabinofuranosidase (EC 3.2.1.55)"
GH5_53,fucose-CazC1," endo-β-1,4-glucanase / cellulase (EC 3.2.1.4); endo-β-1,4-xylanase (EC 3.2.1.8); β-glucosidase (EC 3.2.1.21); β-mannosidase (EC 3.2.1.25); β-glucosylceramidase (EC 3.2.1.45); glucan β-1,3-glucosidase (EC 3.2.1.58); exo-β-1,4-glucanase / cellodextrinase (EC 3.2.1.74); glucan endo-1,6-β-glucosidase (EC 3.2.1.75); mannan endo-β-1,4-mannosidase (EC 3.2.1.78); cellulose β-1,4-cellobiosidase (EC 3.2.1.91); steryl β-glucosidase (EC 3.2.1.104); endoglycoceramidase (EC 3.2.1.123); chitosanase (EC 3.2.1.132); β-primeverosidase (EC 3.2.1.149); xyloglucan-specific endo-β-1,4-glucanase (EC 3.2.1.151); endo-β-1,6-galactanase (EC 3.2.1.164); β-1,3-mannanase (EC 3.2.1.-); arabinoxylan-specific endo-β-1,4-xylanase (EC 3.2.1.-); mannan transglycosylase (EC 2.4.1.-); lichenase / endo-β-1,3-1,4-glucanase (EC 3.2.1.73); β-glycosidase (EC 3.2.1.-); endo-β-1,3-glucanase / laminarinase (EC 3.2.1.39); β-N-acetylhexosaminidase (EC 3.2.1.52); chitosanase (EC 3.2.1.132); β-D-galactofuranosidase (EC 3.2.1.146); β-galactosylceramidase (EC 3.2.1.46); ; β-rutinosidase /α-L-rhamnose-(1,6)-β-D-glucosidase (EC 3.2.1.-); α-L-arabinofuranosidase (EC 3.2.1.55)"
GH6,glucose-CazC3," endoglucanase (EC 3.2.1.4); cellobiohydrolase (EC 3.2.1.91); lichenase / endo-β-1,3-1,4-glucanase (EC 3.2.1.73); lichenase / endo-β-1,3-1,4-glucanase (EC 3.2.1.73); "
GH63,glucose-CazC3," processing α-glucosidase (EC 3.2.1.106); α-1,3-glucosidase (EC 3.2.1.84); α-glucosidase (EC 3.2.1.20); mannosylglycerate α-mannosidase / mannosylglycerate hydrolase (EC 3.2.1.170); glucosylglycerate hydrolase (EC 3.2.1.208)"
GH63,fucose-CazC4," processing α-glucosidase (EC 3.2.1.106); α-1,3-glucosidase (EC 3.2.1.84); α-glucosidase (EC 3.2.1.20); mannosylglycerate α-mannosidase / mannosylglycerate hydrolase (EC 3.2.1.170); glucosylglycerate hydrolase (EC 3.2.1.208)"
GH63,xylose-CazC8," processing α-glucosidase (EC 3.2.1.106); α-1,3-glucosidase (EC 3.2.1.84); α-glucosidase (EC 3.2.1.20); mannosylglycerate α-mannosidase / mannosylglycerate hydrolase (EC 3.2.1.170); glucosylglycerate hydrolase (EC 3.2.1.208)"
GH64,glucose-CazC2," β-1,3-glucanase (EC 3.2.1.39)"
GH65,fucose-CazC6," α,α-trehalase (EC 3.2.1.28); maltose phosphorylase (EC 2.4.1.8); trehalose phosphorylase (EC 2.4.1.64); kojibiose phosphorylase (EC 2.4.1.230); trehalose-6-phosphate phosphorylase (EC 2.4.1.216); nigerose phosphorylase (EC 2.4.1.279); 3-O-α-glucopyranosyl-L-rhamnose phosphorylase (EC 2.4.1.282); 2-O-α-glucopyranosylglycerol: phosphate β-glucosyltransferase (EC 2.4.1.-); α-glucosyl-1,2-β-galactosyl-L-hydroxylysine α-glucosidase (EC 3.2.1.107)"
GH65,xylose-CazC10," α,α-trehalase (EC 3.2.1.28); maltose phosphorylase (EC 2.4.1.8); trehalose phosphorylase (EC 2.4.1.64); kojibiose phosphorylase (EC 2.4.1.230); trehalose-6-phosphate phosphorylase (EC 2.4.1.216); nigerose phosphorylase (EC 2.4.1.279); 3-O-α-glucopyranosyl-L-rhamnose phosphorylase (EC 2.4.1.282); 2-O-α-glucopyranosylglycerol: phosphate β-glucosyltransferase (EC 2.4.1.-); α-glucosyl-1,2-β-galactosyl-L-hydroxylysine α-glucosidase (EC 3.2.1.107)"
GH65,vanillic acid-CazC3," α,α-trehalase (EC 3.2.1.28); maltose phosphorylase (EC 2.4.1.8); trehalose phosphorylase (EC 2.4.1.64); kojibiose phosphorylase (EC 2.4.1.230); trehalose-6-phosphate phosphorylase (EC 2.4.1.216); nigerose phosphorylase (EC 2.4.1.279); 3-O-α-glucopyranosyl-L-rhamnose phosphorylase (EC 2.4.1.282); 2-O-α-glucopyranosylglycerol: phosphate β-glucosyltransferase (EC 2.4.1.-); α-glucosyl-1,2-β-galactosyl-L-hydroxylysine α-glucosidase (EC 3.2.1.107)"
GH73,fucose-CazC3, lysozyme (EC 3.2.1.17); mannosyl-glycoprotein endo-β-N-acetylglucosaminidase (EC 3.2.1.96); peptidoglycan hydrolase with endo-β-N-acetylglucosaminidase specificity  (EC 3.2.1.-)
GH73,xylose-CazC5, lysozyme (EC 3.2.1.17); mannosyl-glycoprotein endo-β-N-acetylglucosaminidase (EC 3.2.1.96); peptidoglycan hydrolase with endo-β-N-acetylglucosaminidase specificity  (EC 3.2.1.-)
GH73,hydroxybenzoic acid-CazC7, lysozyme (EC 3.2.1.17); mannosyl-glycoprotein endo-β-N-acetylglucosaminidase (EC 3.2.1.96); peptidoglycan hydrolase with endo-β-N-acetylglucosaminidase specificity  (EC 3.2.1.-)
GH76,xylose-CazC8," α-1,6-mannanase (EC 3.2.1.101); α-glucosidase (EC 3.2.1.20)"
GH77,fucose-CazC6, amylomaltase or 4-α-glucanotransferase (EC 2.4.1.25)
GH77,xylose-CazC10, amylomaltase or 4-α-glucanotransferase (EC 2.4.1.25)
GH77,vanillic acid-CazC3, amylomaltase or 4-α-glucanotransferase (EC 2.4.1.25)
GH77,hydroxybenzoic acid-CazC1, amylomaltase or 4-α-glucanotransferase (EC 2.4.1.25)
GH8,glucose-CazC3," chitosanase (EC 3.2.1.132); cellulase (EC 3.2.1.4); licheninase (EC 3.2.1.73); endo-1,4-β-xylanase (EC 3.2.1.8); reducing-end-xylose releasing exo-oligoxylanase (EC 3.2.1.156)"
GH87,xylose-CazC7," mycodextranase (EC 3.2.1.61); α-1,3-glucanase (EC 3.2.1.59)"
GH89,vanillic acid-CazC1, α-N-acetylglucosaminidase (EC 3.2.1.50)
GH9,vanillic acid-CazC3," endoglucanase (EC 3.2.1.4); endo-β-1,3(4)-glucanase / lichenase-laminarinase (EC 3.2.1.6);  β-glucosidase (EC 3.2.1.21); lichenase / endo-β-1,3-1,4-glucanase (EC 3.2.1.73); exo-β-1,4-glucanase / cellodextrinase (EC 3.2.1.74); cellobiohydrolase (EC 3.2.1.91); xyloglucan-specific endo-β-1,4-glucanase / endo-xyloglucanase (EC 3.2.1.151); exo-β-glucosaminidase (EC 3.2.1.165)"
GH9,hydroxybenzoic acid-CazC6," endoglucanase (EC 3.2.1.4); endo-β-1,3(4)-glucanase / lichenase-laminarinase (EC 3.2.1.6);  β-glucosidase (EC 3.2.1.21); lichenase / endo-β-1,3-1,4-glucanase (EC 3.2.1.73); exo-β-1,4-glucanase / cellodextrinase (EC 3.2.1.74); cellobiohydrolase (EC 3.2.1.91); xyloglucan-specific endo-β-1,4-glucanase / endo-xyloglucanase (EC 3.2.1.151); exo-β-glucosaminidase (EC 3.2.1.165)"
